[
     {
          "ParentId": "",
          "RepoDigests": [],
          "SharedSize": -1,
          "RepoTags": ["magnoabreu/ffmda-master:0.1"],
          "Size": 532654930,
          "Containers": -1,
          "Labels": {"maintainer": "Carlos M. Abreu <magno.mabreu@gmail.com>"},
          "Id": "sha256:288cac1cf72d66757f27d3dd6f2272dd7aa01bdb630cd2be8b392ff6d8f2eed7",
          "Created": 1711332578
     },
     {
          "ParentId": "",
          "RepoDigests": ["magnoabreu/ffmda-master@sha256:35ae1af05e0b0e8a5b9b44501cc3a6d93051f3ecacf69639d6c675bb160f109e"],
          "SharedSize": -1,
          "RepoTags": [],
          "Size": 532654300,
          "Containers": -1,
          "Labels": {"maintainer": "Carlos M. Abreu <magno.mabreu@gmail.com>"},
          "Id": "sha256:32a58f94e5cf9647a39cdaddd5d6d961c1cbad6840f93803ba05a0989a5c429b",
          "Created": 1711331917
     },
     {
          "ParentId": "",
          "RepoDigests": ["magnoabreu/ffmda-master@sha256:9e20a87191148fbcc68128c4dba2500f7c6382ce620263d3b17253b530905337"],
          "SharedSize": -1,
          "RepoTags": [],
          "Size": 532412716,
          "Containers": -1,
          "Labels": {"maintainer": "Carlos M. Abreu <magno.mabreu@gmail.com>"},
          "Id": "sha256:f47ea4c128324b5df3233ce3432e8869ee4b94139ffffb7d3ba14a029f8bda7d",
          "Created": 1711238418
     },
     {
          "ParentId": "",
          "RepoDigests": ["magnoabreu/besu-base@sha256:f2259628b0806ca952b12b103eed8bcf7eb707121d6afa1cd6a1c59d0767df36"],
          "SharedSize": -1,
          "RepoTags": ["magnoabreu/besu-base:24.1.2"],
          "Size": 934296481,
          "Containers": -1,
          "Labels": {
               "org.opencontainers.image.ref.name": "ubuntu",
               "org.opencontainers.image.version": "22.04"

          },
          "Id": "sha256:3442cb6591210a2e40a80c2007714d824ee2300b3da99f2b53045b763378550d",
          "Created": 1708708900
     },
     {
          "ParentId": "",
          "RepoDigests": ["postgres@sha256:f58300ac8d393b2e3b09d36ea12d7d24ee9440440e421472a300e929ddb63460"],
          "SharedSize": -1,
          "RepoTags": ["postgres:latest"],
          "Size": 431419931,
          "Containers": -1,
          "Labels": null,
          "Id": "sha256:eb634efa7ee4668e7bb7a9afa946987699608e5cff79418d39e7c5302f6ea3e8",
          "Created": 1708476373
     },
     {
          "ParentId": "",
          "RepoDigests": ["alpine@sha256:c5b1261d6d3e43071626931fc004f70149baeba2c8ec672bd4f27761f8e1ad6b"],
          "SharedSize": -1,
          "RepoTags": ["alpine:latest"],
          "Size": 7377074,
          "Containers": -1,
          "Labels": null,
          "Id": "sha256:05455a08881ea9cf0e752bc48e61bbd71a34c029bb13df01e40e3e70e0d007bd",
          "Created": 1706315448
     },
     {
          "ParentId": "",
          "RepoDigests": ["portainer/portainer-ce@sha256:908d04d20e86f07a50b0f1a029a111b89aa3089b7fc7fdf68ec1c71b025f36cd"],
          "SharedSize": -1,
          "RepoTags": ["portainer/portainer-ce:latest"],
          "Size": 293624300,
          "Containers": -1,
          "Labels": {
               "org.opencontainers.image.title": "Portainer",
               "org.opencontainers.image.vendor": "Portainer.io",
               "com.docker.extension.additional-urls": "[{\"title\":\"Website\",\"url\":\"https://www.portainer.io?utm_campaign=DockerCon&utm_source=DockerDesktop\"},{\"title\":\"Documentation\",\"url\":\"https://docs.portainer.io\"},{\"title\":\"Support\",\"url\":\"https://join.slack.com/t/portainer/shared_invite/zt-txh3ljab-52QHTyjCqbe5RibC2lcjKA\"}]",
               "io.portainer.server": "true",
               "com.docker.extension.detailed-description": "<p data-renderer-start-pos=\"226\">Portainer&rsquo;s Docker Desktop extension gives you access to all of Portainer&rsquo;s rich management functionality within your docker desktop experience.<\/p><h2 data-renderer-start-pos=\"374\">With Portainer you can:<\/h2><ul><li>See all your running containers<\/li><li>Easily view all of your container logs<\/li><li>Console into containers<\/li><li>Easily deploy your code into containers using a simple form<\/li><li>Turn your YAML into custom templates for easy reuse<\/li><\/ul><h2 data-renderer-start-pos=\"660\">About Portainer&nbsp;<\/h2><p data-renderer-start-pos=\"680\">Portainer is the worlds&rsquo; most popular universal container management platform with more than 650,000 active monthly users. Portainer can be used to manage Docker Standalone, Kubernetes, Docker Swarm and Nomad environments through a single common interface. It includes a simple GitOps automation engine and a Kube API.&nbsp;<\/p><p data-renderer-start-pos=\"1006\">Portainer Business Edition is our fully supported commercial grade product for business-wide use. It includes all the functionality that businesses need to manage containers at scale. Visit <a class=\"sc-jKJlTe dPfAtb\" href=\"http://portainer.io/\" title=\"http://Portainer.io\" data-renderer-mark=\"true\">Portainer.io<\/a> to learn more about Portainer Business and <a class=\"sc-jKJlTe dPfAtb\" href=\"http://portainer.io/take-3?utm_campaign=DockerCon&amp;utm_source=Docker%20Desktop\" title=\"http://portainer.io/take-3?utm_campaign=DockerCon&amp;utm_source=Docker%20Desktop\" data-renderer-mark=\"true\">get 3 free nodes.<\/a><\/p>",
               "com.docker.extension.screenshots": "[{\"alt\": \"screenshot one\", \"url\": \"https://portainer-io-assets.sfo2.digitaloceanspaces.com/screenshots/docker-extension-1.png\"},{\"alt\": \"screenshot two\", \"url\": \"https://portainer-io-assets.sfo2.digitaloceanspaces.com/screenshots/docker-extension-2.png\"},{\"alt\": \"screenshot three\", \"url\": \"https://portainer-io-assets.sfo2.digitaloceanspaces.com/screenshots/docker-extension-3.png\"},{\"alt\": \"screenshot four\", \"url\": \"https://portainer-io-assets.sfo2.digitaloceanspaces.com/screenshots/docker-extension-4.png\"},{\"alt\": \"screenshot five\", \"url\": \"https://portainer-io-assets.sfo2.digitaloceanspaces.com/screenshots/docker-extension-5.png\"},{\"alt\": \"screenshot six\", \"url\": \"https://portainer-io-assets.sfo2.digitaloceanspaces.com/screenshots/docker-extension-6.png\"},{\"alt\": \"screenshot seven\", \"url\": \"https://portainer-io-assets.sfo2.digitaloceanspaces.com/screenshots/docker-extension-7.png\"},{\"alt\": \"screenshot eight\", \"url\": \"https://portainer-io-assets.sfo2.digitaloceanspaces.com/screenshots/docker-extension-8.png\"},{\"alt\": \"screenshot nine\", \"url\": \"https://portainer-io-assets.sfo2.digitaloceanspaces.com/screenshots/docker-extension-9.png\"}]",
               "com.docker.desktop.extension.icon": "https://portainer-io-assets.sfo2.cdn.digitaloceanspaces.com/logos/portainer.png",
               "com.docker.desktop.extension.api.version": ">= 0.2.2",
               "org.opencontainers.image.description": "Docker container management made simple, with the world\u2019s most popular GUI-based container management platform.",
               "com.docker.extension.publisher-url": "https://www.portainer.io"

          },
          "Id": "sha256:1a0fb356ea35830bad2a93aea5a72c88385b3505490cf035a575122bbe094a81",
          "Created": 1701936872
     },
     {
          "ParentId": "",
          "RepoDigests": ["ghcr.io/hyperledger/firefly@sha256:adabddd06c839359f5d78c3cd43c8e04fb3000ff907e66438be2182e668c11df"],
          "SharedSize": -1,
          "RepoTags": [],
          "Size": 103847853,
          "Containers": -1,
          "Labels": {
               "build_date": "2023-07-27T17:59:48Z",
               "commit": "d0fb82d64cfeb2848b0a32a6bc286d5b9ade87ea",
               "tag": "v1.2.2-20230727-62"

          },
          "Id": "sha256:e7da476683aa05cd7ede6f1c16ba2bf839863d331d15fc4b26bd2adc65b6e7af",
          "Created": 1690480941
     },
     {
          "ParentId": "",
          "RepoDigests": ["ghcr.io/hyperledger/firefly-evmconnect@sha256:41d3aabb7d6675b34ab983341f73751b22ab2075caac2ae0cea2f5232f072632"],
          "SharedSize": -1,
          "RepoTags": [],
          "Size": 106216817,
          "Containers": -1,
          "Labels": {
               "build_date": "2023-04-07T17:04:09Z",
               "commit": "2b1a0be1bd31aae07da3babe1648f2d1d5c63d26",
               "tag": "v1.2.7"

          },
          "Id": "sha256:272d406f6c7964605b0bbf47c2e36045cbbc82759715d4d6a45138f451fd4641",
          "Created": 1680887177
     },
     {
          "ParentId": "",
          "RepoDigests": ["ghcr.io/hyperledger/firefly-tokens-erc20-erc721@sha256:401d4fbe3fcf26e63bdfc889d6eac46fde346d90ed091da558ac5fcb97d243c8"],
          "SharedSize": -1,
          "RepoTags": [],
          "Size": 184143480,
          "Containers": -1,
          "Labels": {
               "build_date": "2023-01-30T20:35:09Z",
               "commit": "8d7f695a51b37ab47297a281afd59457f175a918",
               "tag": "v1.2.1"

          },
          "Id": "sha256:d02a0a81cf7562734696a6134f1d7b2581480dab790ee3abab40d28f4ca1de6d",
          "Created": 1675111079
     },
     {
          "ParentId": "",
          "RepoDigests": ["ghcr.io/hyperledger/firefly-tokens-erc1155@sha256:c9c4cf768e336ab73f5b8ab5c2872bf4cd1216b5c0de9a1bee811c8aeaf91a43"],
          "SharedSize": -1,
          "RepoTags": [],
          "Size": 166775404,
          "Containers": -1,
          "Labels": {
               "build_date": "2023-01-30T19:18:44Z",
               "commit": "206aab4e0a6834c43ff9122b8b5b047e174ae058",
               "tag": "v1.2.1"

          },
          "Id": "sha256:5eebe3dfe5e8d9712887b81bac04933441382b0a97ac60c2122e567f82a8e394",
          "Created": 1675106616
     },
     {
          "ParentId": "",
          "RepoDigests": ["ghcr.io/hyperledger/firefly-fabconnect@sha256:7d4aa158f9dff31f200ae7a04f68665f32930f7739156b25a0da80e5353f3245"],
          "SharedSize": -1,
          "RepoTags": [],
          "Size": 40161801,
          "Containers": -1,
          "Labels": {
               "build_date": "2023-01-30T18:11:36Z",
               "commit": "fc749c3c01434a3db261b52a1aeae9b9de6def8d",
               "tag": "v0.9.17"

          },
          "Id": "sha256:ffb59a926185e203b3ae2099c2f599e83c4e3c1c80c6f30e65e880968ec0cd52",
          "Created": 1675102442
     },
     {
          "ParentId": "",
          "RepoDigests": ["ghcr.io/hyperledger/firefly-sandbox@sha256:cdd4d267a6544423df0d80104862764df276a6e7c13ca25ad3ab1be09796e36f"],
          "SharedSize": -1,
          "RepoTags": ["ghcr.io/hyperledger/firefly-sandbox:latest"],
          "Size": 813376429,
          "Containers": -1,
          "Labels": null,
          "Id": "sha256:ff3ca33fa0de8b2ee3356f67d2d6913cd56edf0de1df121a6acc16d136c2bfcb",
          "Created": 1673558504
     },
     {
          "ParentId": "",
          "RepoDigests": ["ghcr.io/hyperledger/firefly-dataexchange-https@sha256:4ac765f7a07b9d17ab5648b3c789875791db364659c975a23626ec5921f11ce4"],
          "SharedSize": -1,
          "RepoTags": [],
          "Size": 137918574,
          "Containers": -1,
          "Labels": {
               "build_date": "2023-01-09T14:58:11Z",
               "commit": "b201ad79e25d39c75b0af35dae6f23f48f527096",
               "tag": "v1.2.0"

          },
          "Id": "sha256:ae613f146ef378a5c244958be7847a0c400f3e805ee623d9895b94bc75ff991a",
          "Created": 1673276325
     },
     {
          "ParentId": "",
          "RepoDigests": ["ghcr.io/hyperledger/firefly-signer@sha256:4ee8549d12339f6d4224a277faf143da1749a51a5994e074224c95e3cce64670"],
          "SharedSize": -1,
          "RepoTags": [],
          "Size": 98028422,
          "Containers": -1,
          "Labels": {
               "build_date": "2023-01-05T15:01:10Z",
               "commit": "835029c6b877692106737a16127f64f04e0d6027",
               "tag": "v1.1.5"

          },
          "Id": "sha256:f0b53643b8514b6dfd49ef27e000f142b171ce3ff7a5824f025f07fc3a29f79b",
          "Created": 1672931023
     },
     {
          "ParentId": "",
          "RepoDigests": ["ghcr.io/hyperledger/firefly-ethconnect@sha256:a9aed053d57d56532084e8d0229d3a6e8843054006cd82bb48c4800dcccc6449"],
          "SharedSize": -1,
          "RepoTags": [],
          "Size": 123077696,
          "Containers": -1,
          "Labels": {
               "build_date": "2022-10-12T14:43:22Z",
               "commit": "77e3c90cfa9f65ddedae65deb431dd8695bba16b",
               "tag": "v3.2.9"

          },
          "Id": "sha256:8cddaccf7964a04a9656447a57d97023841ffe746cb468869b2d2e29d2a460ec",
          "Created": 1665585942
     },
     {
          "ParentId": "",
          "RepoDigests": ["hyperledger/besu@sha256:fd9eab641e0933157034b6e63911ffe255c9c8c670fb286c3e4b2c29a14b0a51"],
          "SharedSize": -1,
          "RepoTags": ["hyperledger/besu:22.4"],
          "Size": 450712527,
          "Containers": -1,
          "Labels": {
               "org.label-schema.description": "Enterprise Ethereum client",
               "org.label-schema.schema-version": "1.0",
               "org.label-schema.version": "22.4.4",
               "org.label-schema.build-date": "2022-07-08T16:20Z",
               "org.label-schema.name": "Besu",
               "org.label-schema.vcs-ref": "eefa93fd",
               "org.label-schema.url": "https://besu.hyperledger.org/",
               "org.label-schema.vendor": "Hyperledger",
               "org.label-schema.vcs-url": "https://github.com/hyperledger/besu.git"

          },
          "Id": "sha256:e60c9994def21828243cd5d8a1b69a7da38262d0bd42413fba633d0332e8ca48",
          "Created": 1657297274
     },
     {
          "ParentId": "",
          "RepoDigests": ["ipfs/go-ipfs@sha256:881201083640829bf45e6eb0bd2019ec5fe2c142c852ab84b563682bb1f11c9b"],
          "SharedSize": -1,
          "RepoTags": ["ipfs/go-ipfs:v0.10.0"],
          "Size": 77181208,
          "Containers": -1,
          "Labels": {"maintainer": "Steven Allen <steven@stebalien.com>"},
          "Id": "sha256:3e1ffbe259446234701a14052fac822e281552c9c7030c12373036f6b1ce2650",
          "Created": 1633040643
     }
]