{
 "displayFieldName": "Regiao",
 "fieldAliases": {
  "OBJECTID": "FID",
  "Regiao": "Região",
  "UF": "UF",
  "Nome": "Nome",
  "Municipio": "Município",
  "Latitude": "Latitude",
  "Longitude": "Longitude",
  "CNPJ": "CNPJ",
  "Capm3dia": "Capacidade (m3/dia)",
  "Capm3ano": "Capacidade (m3/ano)",
  "AutANP": "Autorização Comercial",
  "SeloBSoc": "Selo de Biocombustível Social",
  "Prodm3": "Produção de biodiesel (m3/ano)"
 },
 "geometryType": "esriGeometryPoint",
 "spatialReference": {
  "wkid": 4326,
  "latestWkid": 4326
 },
 "fields": [
  {
   "name": "OBJECTID",
   "type": "esriFieldTypeOID",
   "alias": "FID"
  },
  {
   "name": "Regiao",
   "type": "esriFieldTypeString",
   "alias": "Região",
   "length": 254
  },
  {
   "name": "UF",
   "type": "esriFieldTypeString",
   "alias": "UF",
   "length": 254
  },
  {
   "name": "Nome",
   "type": "esriFieldTypeString",
   "alias": "Nome",
   "length": 254
  },
  {
   "name": "Municipio",
   "type": "esriFieldTypeString",
   "alias": "Município",
   "length": 254
  },
  {
   "name": "Latitude",
   "type": "esriFieldTypeDouble",
   "alias": "Latitude"
  },
  {
   "name": "Longitude",
   "type": "esriFieldTypeDouble",
   "alias": "Longitude"
  },
  {
   "name": "CNPJ",
   "type": "esriFieldTypeString",
   "alias": "CNPJ",
   "length": 254
  },
  {
   "name": "Capm3dia",
   "type": "esriFieldTypeDouble",
   "alias": "Capacidade (m3/dia)"
  },
  {
   "name": "Capm3ano",
   "type": "esriFieldTypeDouble",
   "alias": "Capacidade (m3/ano)"
  },
  {
   "name": "AutANP",
   "type": "esriFieldTypeString",
   "alias": "Autorização Comercial",
   "length": 254
  },
  {
   "name": "SeloBSoc",
   "type": "esriFieldTypeString",
   "alias": "Selo de Biocombustível Social",
   "length": 254
  },
  {
   "name": "Prodm3",
   "type": "esriFieldTypeDouble",
   "alias": "Produção de biodiesel (m3/ano)"
  }
 ],
 "features": [
  {
   "attributes": {
    "OBJECTID": 801,
    "Regiao": "CO",
    "UF": "MT",
    "Nome": "ADM DO BRASIL LTDA",
    "Municipio": "RONDONÓPOLIS",
    "Latitude": -16.4707,
    "Longitude": -54.6704,
    "CNPJ": "02.003.402/0024-61",
    "Capm3dia": 1352.0,
    "Capm3ano": 493480.0,
    "AutANP": "Operação",
    "SeloBSoc": "Sim",
    "Prodm3": 322272.0
   },
   "geometry": {
    "x": -54.670399999999972,
    "y": -16.470699999486332
   }
  },
  {
   "attributes": {
    "OBJECTID": 802,
    "Regiao": "S",
    "UF": "SC",
    "Nome": "ADM DO BRASIL LTDA",
    "Municipio": "JOAÇABA",
    "Latitude": -27.1903,
    "Longitude": -51.5065,
    "CNPJ": "02.003.402/0046-77",
    "Capm3dia": 510.0,
    "Capm3ano": 186150.0,
    "AutANP": "Operação",
    "SeloBSoc": "Sim",
    "Prodm3": 139944.0
   },
   "geometry": {
    "x": -51.50649999999996,
    "y": -27.190299999232465
   }
  },
  {
   "attributes": {
    "OBJECTID": 803,
    "Regiao": "NE",
    "UF": "CE",
    "Nome": "AGROPAULO AGROINDUSTRIAL S.A.",
    "Municipio": "JAGUARUANA",
    "Latitude": -4.9704,
    "Longitude": -37.7861,
    "CNPJ": "05.373.212/0009-95",
    "Capm3dia": 50.0,
    "Capm3ano": 18250.0,
    "AutANP": "Operação",
    "SeloBSoc": "Não",
    "Prodm3": 0.0
   },
   "geometry": {
    "x": -37.786099999999976,
    "y": -4.9703999998368227
   }
  },
  {
   "attributes": {
    "OBJECTID": 804,
    "Regiao": "CO",
    "UF": "MT",
    "Nome": "ALIANÇA BIOCOMBUSTÍVEL EIRELI",
    "Municipio": "RONDONÓPOLIS",
    "Latitude": -16.5074,
    "Longitude": -54.6392,
    "CNPJ": "10.737.181/0001-97",
    "Capm3dia": 10.0,
    "Capm3ano": 3650.0,
    "AutANP": "Operação",
    "SeloBSoc": "Sim",
    "Prodm3": 2042.0
   },
   "geometry": {
    "x": -54.63919999999996,
    "y": -16.507399999485308
   }
  },
  {
   "attributes": {
    "OBJECTID": 805,
    "Regiao": "N",
    "UF": "RO",
    "Nome": "AMAZONBIO - INDÚSTRIA E COMÉRCIO DA AMAZÕNIA LTDA",
    "Municipio": "JI-PARANÁ",
    "Latitude": -10.8971,
    "Longitude": -61.912,
    "CNPJ": "08.794.451/0001-50",
    "Capm3dia": 90.0,
    "Capm3ano": 32850.0,
    "AutANP": "Operação",
    "SeloBSoc": "Não",
    "Prodm3": 6854.0
   },
   "geometry": {
    "x": -61.911999999999971,
    "y": -10.897099999649226
   }
  },
  {
   "attributes": {
    "OBJECTID": 806,
    "Regiao": "S",
    "UF": "RS",
    "Nome": "BIANCHINI S/A - INDÚSTRIA, COMÉRCIO E AGRICULTURA",
    "Municipio": "CANOAS",
    "Latitude": -29.9222,
    "Longitude": -51.2164,
    "CNPJ": "87.548.020/0002-60",
    "Capm3dia": 1150.0,
    "Capm3ano": 419750.0,
    "AutANP": "Operação",
    "SeloBSoc": "Sim",
    "Prodm3": 311265.0
   },
   "geometry": {
    "x": -51.216399999999965,
    "y": -29.922199999183704
   }
  },
  {
   "attributes": {
    "OBJECTID": 807,
    "Regiao": "NE",
    "UF": "BA",
    "Nome": "BINATURAL BAHIA LTDA.",
    "Municipio": "SIMÕES FILHO",
    "Latitude": -12.8347,
    "Longitude": -38.4343,
    "CNPJ": "37.880.187/0001-75",
    "Capm3dia": 1000.0,
    "Capm3ano": 365000.0,
    "AutANP": "Construção",
    "SeloBSoc": "Não",
    "Prodm3": 0.0
   },
   "geometry": {
    "x": -38.434299999999951,
    "y": -12.834699999590741
   }
  },
  {
   "attributes": {
    "OBJECTID": 808,
    "Regiao": "CO",
    "UF": "GO",
    "Nome": "BINATURAL INDÚSTRIA E COMÉRCIO DE ÓLEOS VEGETAIS S/A",
    "Municipio": "FORMOSA",
    "Latitude": -15.5482,
    "Longitude": -47.3514,
    "CNPJ": "07.113.559/0001-77",
    "Capm3dia": 450.0,
    "Capm3ano": 164250.0,
    "AutANP": "Operação",
    "SeloBSoc": "Sim",
    "Prodm3": 154730.0
   },
   "geometry": {
    "x": -47.351399999999956,
    "y": -15.548199999512088
   }
  },
  {
   "attributes": {
    "OBJECTID": 809,
    "Regiao": "CO",
    "UF": "MT",
    "Nome": "BIO ÓLEO INDÚSTRIA E COMÉRCIO DE BIOCOMBUSTÍVEL LTDA",
    "Municipio": "CUIABÁ",
    "Latitude": -15.6746,
    "Longitude": -55.9716,
    "CNPJ": "08.387.930/0001-51",
    "Capm3dia": 150.0,
    "Capm3ano": 54750.0,
    "AutANP": "Operação",
    "SeloBSoc": "Sim",
    "Prodm3": 12180.0
   },
   "geometry": {
    "x": -55.971599999999967,
    "y": -15.674599999508516
   }
  },
  {
   "attributes": {
    "OBJECTID": 810,
    "Regiao": "CO",
    "UF": "MT",
    "Nome": "BIO VIDA PRODUÇÃO E COMÉRCIO DE BIODIESEL LTDA",
    "Municipio": "VÁRZEA GRANDE",
    "Latitude": -15.6977,
    "Longitude": -56.1609,
    "CNPJ": "08.772.264/0001-75",
    "Capm3dia": 150.0,
    "Capm3ano": 54750.0,
    "AutANP": "Operação",
    "SeloBSoc": "Sim",
    "Prodm3": 6776.8
   },
   "geometry": {
    "x": -56.160899999999977,
    "y": -15.697699999507869
   }
  },
  {
   "attributes": {
    "OBJECTID": 811,
    "Regiao": "CO",
    "UF": "GO",
    "Nome": "BIONORTE INDÚSTRIA E COMÉRCIO DE BIODIESEL LTDA.",
    "Municipio": "SÃO MIGUEL DO ARAGUAIA",
    "Latitude": -13.265,
    "Longitude": -50.1543,
    "CNPJ": "08.080.422/0001-26",
    "Capm3dia": 95.0,
    "Capm3ano": 34675.0,
    "AutANP": "Construção",
    "SeloBSoc": "Não",
    "Prodm3": 0.0
   },
   "geometry": {
    "x": -50.154299999999971,
    "y": -13.26499999957799
   }
  },
  {
   "attributes": {
    "OBJECTID": 812,
    "Regiao": "CO",
    "UF": "MT",
    "Nome": "BIOPAR PRODUÇÃO DE BIODIESEL PARECIS LTDA",
    "Municipio": "NOVA MARILÂNDIA",
    "Latitude": -14.3678,
    "Longitude": -56.9818,
    "CNPJ": "08.684.263/0001-79",
    "Capm3dia": 288.0,
    "Capm3ano": 105120.0,
    "AutANP": "Operação",
    "SeloBSoc": "Sim",
    "Prodm3": 71430.0
   },
   "geometry": {
    "x": -56.981799999999964,
    "y": -14.367799999545792
   }
  },
  {
   "attributes": {
    "OBJECTID": 813,
    "Regiao": "S",
    "UF": "RS",
    "Nome": "BOCCHI INDÚSTRIA E COMÉRCIO DE CEREAIS LTDA",
    "Municipio": "MUITOS CAPÕES",
    "Latitude": -28.296,
    "Longitude": -51.3877,
    "CNPJ": "02.987.873/0010-56",
    "Capm3dia": 300.0,
    "Capm3ano": 109500.0,
    "AutANP": "Operação",
    "SeloBSoc": "Sim",
    "Prodm3": 65745.5
   },
   "geometry": {
    "x": -51.387699999999938,
    "y": -28.295999999211833
   }
  },
  {
   "attributes": {
    "OBJECTID": 814,
    "Regiao": "S",
    "UF": "PR",
    "Nome": "BSBIOS INDUSTRIA E COMÉRCIO DE BIODIESEL SUL BRASIL S/A",
    "Municipio": "MARIALVA",
    "Latitude": -23.4738,
    "Longitude": -51.8222,
    "CNPJ": "07.322.382/0004-61",
    "Capm3dia": 1300.0,
    "Capm3ano": 474500.0,
    "AutANP": "Operação",
    "SeloBSoc": "Sim",
    "Prodm3": 398270.0
   },
   "geometry": {
    "x": -51.822199999999953,
    "y": -23.473799999309954
   }
  },
  {
   "attributes": {
    "OBJECTID": 815,
    "Regiao": "S",
    "UF": "RS",
    "Nome": "BSBIOS INDUSTRIA E COMÉRCIO DE BIODIESEL SUL BRASIL S/A",
    "Municipio": "PASSO FUNDO",
    "Latitude": -28.2404,
    "Longitude": -52.4008,
    "CNPJ": "07.322.382/0001-19",
    "Capm3dia": 1300.0,
    "Capm3ano": 474500.0,
    "AutANP": "Operação",
    "SeloBSoc": "Sim",
    "Prodm3": 356990.0
   },
   "geometry": {
    "x": -52.400799999999947,
    "y": -28.240399999212862
   }
  },
  {
   "attributes": {
    "OBJECTID": 816,
    "Regiao": "CO",
    "UF": "MT",
    "Nome": "BUNGE ALIMENTOS S/A",
    "Municipio": "NOVA MUTUM",
    "Latitude": -13.7849,
    "Longitude": -56.0545,
    "CNPJ": "84.046.101/0543-66",
    "Capm3dia": 497.0,
    "Capm3ano": 181405.0,
    "AutANP": "Operação",
    "SeloBSoc": "Sim",
    "Prodm3": 160052.0
   },
   "geometry": {
    "x": -56.054499999999962,
    "y": -13.784899999562732
   }
  },
  {
   "attributes": {
    "OBJECTID": 817,
    "Regiao": "CO",
    "UF": "MT",
    "Nome": "CAIBIENSE GRAN VITA LTDA",
    "Municipio": "RONDONÓPOLIS",
    "Latitude": -16.4635,
    "Longitude": -54.6596,
    "CNPJ": "75.817.163/0007-56",
    "Capm3dia": 250.0,
    "Capm3ano": 91250.0,
    "AutANP": "Operação",
    "SeloBSoc": "Sim",
    "Prodm3": 16106.7
   },
   "geometry": {
    "x": -54.659599999999955,
    "y": -16.463499999486515
   }
  },
  {
   "attributes": {
    "OBJECTID": 818,
    "Regiao": "S",
    "UF": "RS",
    "Nome": "CAMERA AGROALIMENTOS S/A",
    "Municipio": "IJUÍ",
    "Latitude": -27.531,
    "Longitude": -54.361,
    "CNPJ": "98.248.644/0026-56",
    "Capm3dia": 650.0,
    "Capm3ano": 237250.0,
    "AutANP": "Operação",
    "SeloBSoc": "Sim",
    "Prodm3": 129530.0
   },
   "geometry": {
    "x": -54.360999999999933,
    "y": -27.530999999225973
   }
  },
  {
   "attributes": {
    "OBJECTID": 819,
    "Regiao": "CO",
    "UF": "GO",
    "Nome": "CARAMURU ALIMENTOS S/A",
    "Municipio": "SÃO SIMÃO",
    "Latitude": -19.0648,
    "Longitude": -50.5168,
    "CNPJ": "00.080.671/0003-71",
    "Capm3dia": 625.0,
    "Capm3ano": 228125.0,
    "AutANP": "Operação",
    "SeloBSoc": "Sim",
    "Prodm3": 168542.7
   },
   "geometry": {
    "x": -50.516799999999925,
    "y": -19.064799999416778
   }
  },
  {
   "attributes": {
    "OBJECTID": 820,
    "Regiao": "CO",
    "UF": "GO",
    "Nome": "CARAMURU ALIMENTOS S/A",
    "Municipio": "IPAMERI",
    "Latitude": -17.7444,
    "Longitude": -48.175,
    "CNPJ": "00.080.671/0021-53",
    "Capm3dia": 625.0,
    "Capm3ano": 228125.0,
    "AutANP": "Operação",
    "SeloBSoc": "Sim",
    "Prodm3": 171535.0
   },
   "geometry": {
    "x": -48.174999999999955,
    "y": -17.744399999451591
   }
  },
  {
   "attributes": {
    "OBJECTID": 821,
    "Regiao": "CO",
    "UF": "MT",
    "Nome": "CARAMURU ALIMENTOS S/A",
    "Municipio": "SORRISO",
    "Latitude": -12.545,
    "Longitude": -55.711,
    "CNPJ": "00.080.671/0026-68",
    "Capm3dia": 285.0,
    "Capm3ano": 104025.0,
    "AutANP": "Operação",
    "SeloBSoc": "Sim",
    "Prodm3": 85679.0
   },
   "geometry": {
    "x": -55.710999999999963,
    "y": -12.54499999959938
   }
  },
  {
   "attributes": {
    "OBJECTID": 822,
    "Regiao": "CO",
    "UF": "MS",
    "Nome": "CARGILL AGRÍCOLA S/A",
    "Municipio": "TRÊS LAGOAS",
    "Latitude": -20.8022,
    "Longitude": -51.6434,
    "CNPJ": "60.498.706/0294-81",
    "Capm3dia": 965.0,
    "Capm3ano": 352225.0,
    "AutANP": "Operação",
    "SeloBSoc": "Sim",
    "Prodm3": 221188.5
   },
   "geometry": {
    "x": -51.643399999999978,
    "y": -20.802199999372895
   }
  },
  {
   "attributes": {
    "OBJECTID": 823,
    "Regiao": "CO",
    "UF": "GO",
    "Nome": "CEREAL COMÉRCIO EXPORTAÇÃO E REPRESENTAÇÃO AGROPECUÁRIA S.A.",
    "Municipio": "RIO VERDE",
    "Latitude": -17.7846,
    "Longitude": -50.899,
    "CNPJ": "00.012.377/0001-60",
    "Capm3dia": 600.0,
    "Capm3ano": 219000.0,
    "AutANP": "Construção",
    "SeloBSoc": "Não",
    "Prodm3": 0.0
   },
   "geometry": {
    "x": -50.898999999999937,
    "y": -17.784599999450542
   }
  },
  {
   "attributes": {
    "OBJECTID": 824,
    "Regiao": "SE",
    "UF": "RJ",
    "Nome": "CESBRA QUÍMICA S/A",
    "Municipio": "VOLTA REDONDA",
    "Latitude": -22.4967,
    "Longitude": -44.0455,
    "CNPJ": "08.436.584/0001-54",
    "Capm3dia": 166.7,
    "Capm3ano": 60845.5,
    "AutANP": "Operação",
    "SeloBSoc": "Sim",
    "Prodm3": 19716.0
   },
   "geometry": {
    "x": -44.045499999999947,
    "y": -22.496699999332293
   }
  },
  {
   "attributes": {
    "OBJECTID": 825,
    "Regiao": "S",
    "UF": "PR",
    "Nome": "COCAMAR MÁQUINAS AGRÍCOLAS LTDA.",
    "Municipio": "MARINGÁ",
    "Latitude": -23.4328,
    "Longitude": -51.9808,
    "CNPJ": "02.213.491/0011-56",
    "Capm3dia": 353.0,
    "Capm3ano": 128845.0,
    "AutANP": "Construção",
    "SeloBSoc": "Não",
    "Prodm3": 0.0
   },
   "geometry": {
    "x": -51.980799999999931,
    "y": -23.432799999310813
   }
  },
  {
   "attributes": {
    "OBJECTID": 826,
    "Regiao": "CO",
    "UF": "MT",
    "Nome": "COOPERATIVA AGROINDUSTRIAL DOS PRODUTORES RURAIS DE FELIZ NATAL - COOPERFELIZ",
    "Municipio": "FELIZ NATAL",
    "Latitude": -12.3759,
    "Longitude": -54.9284,
    "CNPJ": "08.382.761/0001-67",
    "Capm3dia": 100.0,
    "Capm3ano": 36500.0,
    "AutANP": "Operação",
    "SeloBSoc": "Sim",
    "Prodm3": 16467.0
   },
   "geometry": {
    "x": -54.928399999999954,
    "y": -12.375899999604426
   }
  },
  {
   "attributes": {
    "OBJECTID": 827,
    "Regiao": "CO",
    "UF": "MS",
    "Nome": "DELTA BIOCOMBUSTÍVEIS INDÚSTRIA E COMÉRCIO LTDA.",
    "Municipio": "RIO BRILHANTE",
    "Latitude": -21.7443,
    "Longitude": -54.5177,
    "CNPJ": "11.513.699/0001-00",
    "Capm3dia": 600.0,
    "Capm3ano": 219000.0,
    "AutANP": "Operação",
    "SeloBSoc": "Sim",
    "Prodm3": 87702.0
   },
   "geometry": {
    "x": -54.517699999999934,
    "y": -21.744299999350019
   }
  },
  {
   "attributes": {
    "OBJECTID": 828,
    "Regiao": "CO",
    "UF": "MT",
    "Nome": "DELTA CUIABÁ PRODUTORA DE BIOCOMBUSTÍVEIS LTDA.",
    "Municipio": "CUIABÁ",
    "Latitude": -15.6714,
    "Longitude": -55.9642,
    "CNPJ": "11.652.509/0001-35",
    "Capm3dia": 1000.0,
    "Capm3ano": 365000.0,
    "AutANP": "Operação",
    "SeloBSoc": "Sim",
    "Prodm3": 139269.6
   },
   "geometry": {
    "x": -55.964199999999948,
    "y": -15.671399999508614
   }
  },
  {
   "attributes": {
    "OBJECTID": 829,
    "Regiao": "CO",
    "UF": "MT",
    "Nome": "FIAGRIL\u00A0LTDA",
    "Municipio": "LUCAS DO RIO VERDE",
    "Latitude": -13.0581,
    "Longitude": -55.9165,
    "CNPJ": "02.734.023/0008-21",
    "Capm3dia": 563.0,
    "Capm3ano": 205495.0,
    "AutANP": "Operação",
    "SeloBSoc": "Sim",
    "Prodm3": 150717.0
   },
   "geometry": {
    "x": -55.916499999999985,
    "y": -13.058099999584137
   }
  },
  {
   "attributes": {
    "OBJECTID": 830,
    "Regiao": "S",
    "UF": "RS",
    "Nome": "FUGA COUROS S.A.",
    "Municipio": "CAMARGO",
    "Latitude": -29.4768,
    "Longitude": -51.9615,
    "CNPJ": "91.302.349/0016-10",
    "Capm3dia": 500.0,
    "Capm3ano": 182500.0,
    "AutANP": "Operação",
    "SeloBSoc": "Sim",
    "Prodm3": 129297.0
   },
   "geometry": {
    "x": -51.961499999999944,
    "y": -29.476799999191162
   }
  },
  {
   "attributes": {
    "OBJECTID": 831,
    "Regiao": "CO",
    "UF": "GO",
    "Nome": "GRANOL INDÚSTRIA, COMÉRCIO E EXPORTAÇÃO S/A",
    "Municipio": "ANÁPOLIS",
    "Latitude": -16.3939,
    "Longitude": -48.9571,
    "CNPJ": "50.290.329/0026-60",
    "Capm3dia": 1550.0,
    "Capm3ano": 565750.0,
    "AutANP": "Operação",
    "SeloBSoc": "Sim",
    "Prodm3": 327572.8
   },
   "geometry": {
    "x": -48.957099999999969,
    "y": -16.393899999488468
   }
  },
  {
   "attributes": {
    "OBJECTID": 832,
    "Regiao": "N",
    "UF": "TO",
    "Nome": "GRANOL INDÚSTRIA, COMÉRCIO E EXPORTAÇÃO S/A",
    "Municipio": "PORTO NACIONAL",
    "Latitude": -10.2623,
    "Longitude": -48.8819,
    "CNPJ": "50.290.329/0084-30",
    "Capm3dia": 800.0,
    "Capm3ano": 292000.0,
    "AutANP": "Operação",
    "SeloBSoc": "Sim",
    "Prodm3": 141757.1
   },
   "geometry": {
    "x": -48.881899999999973,
    "y": -10.2622999996687
   }
  },
  {
   "attributes": {
    "OBJECTID": 833,
    "Regiao": "S",
    "UF": "RS",
    "Nome": "GRANOL INDÚSTRIA, COMÉRCIO E EXPORTAÇÃO S/A",
    "Municipio": "CACHOEIRA DO SUL",
    "Latitude": -28.5986,
    "Longitude": -52.1916,
    "CNPJ": "50.290.329/0061-43",
    "Capm3dia": 933.3,
    "Capm3ano": 340665.5,
    "AutANP": "Operação",
    "SeloBSoc": "Sim",
    "Prodm3": 30435.0
   },
   "geometry": {
    "x": -52.191599999999937,
    "y": -28.598599999206435
   }
  },
  {
   "attributes": {
    "OBJECTID": 834,
    "Regiao": "NE",
    "UF": "PI",
    "Nome": "J APARECIDO DOS SANTOS",
    "Municipio": "FLORIANO",
    "Latitude": -6.8089,
    "Longitude": -43.0124,
    "CNPJ": "33.931.174/0001-27",
    "Capm3dia": 250.0,
    "Capm3ano": 91250.0,
    "AutANP": "Operação",
    "SeloBSoc": "Sim",
    "Prodm3": 39643.0
   },
   "geometry": {
    "x": -43.012399999999957,
    "y": -6.808899999777501
   }
  },
  {
   "attributes": {
    "OBJECTID": 835,
    "Regiao": "CO",
    "UF": "GO",
    "Nome": "JATAÍ AGROINDÚSTRIA DE BIO-COMBUSTÍVEL LTDA",
    "Municipio": "JATAÍ",
    "Latitude": -17.8766,
    "Longitude": -51.7006,
    "CNPJ": "07.445.656/0001-67",
    "Capm3dia": 50.0,
    "Capm3ano": 18250.0,
    "AutANP": "Operação",
    "SeloBSoc": "Não",
    "Prodm3": 0.0
   },
   "geometry": {
    "x": -51.700599999999952,
    "y": -17.876599999448068
   }
  },
  {
   "attributes": {
    "OBJECTID": 836,
    "Regiao": "CO",
    "UF": "MT",
    "Nome": "JBS S/A",
    "Municipio": "CAMPO VERDE",
    "Latitude": -15.5549,
    "Longitude": -55.1741,
    "CNPJ": "02.916.265/0280-99",
    "Capm3dia": 410.0,
    "Capm3ano": 149650.0,
    "AutANP": "Operação",
    "SeloBSoc": "Sim",
    "Prodm3": 91364.2
   },
   "geometry": {
    "x": -55.17409999999996,
    "y": -15.554899999511923
   }
  },
  {
   "attributes": {
    "OBJECTID": 837,
    "Regiao": "SE",
    "UF": "SP",
    "Nome": "JBS S/A",
    "Municipio": "LINS",
    "Latitude": -21.1096,
    "Longitude": -48.9677,
    "CNPJ": "02.916.265/0133-00",
    "Capm3dia": 560.2,
    "Capm3ano": 204484.0,
    "AutANP": "Operação",
    "SeloBSoc": "Sim",
    "Prodm3": 157022.5
   },
   "geometry": {
    "x": -48.967699999999979,
    "y": -21.10959999936534
   }
  },
  {
   "attributes": {
    "OBJECTID": 838,
    "Regiao": "CO",
    "UF": "GO",
    "Nome": "MINERVA S/A",
    "Municipio": "PALMEIRAS DE GOIÁS",
    "Latitude": -16.805,
    "Longitude": -49.926,
    "CNPJ": "67.620.377/0047-05",
    "Capm3dia": 200.0,
    "Capm3ano": 73000.0,
    "AutANP": "Operação",
    "SeloBSoc": "Sim",
    "Prodm3": 56116.6
   },
   "geometry": {
    "x": -49.925999999999931,
    "y": -16.804999999477111
   }
  },
  {
   "attributes": {
    "OBJECTID": 839,
    "Regiao": "NE",
    "UF": "BA",
    "Nome": "OLEOPLAN NORDESTE INDÚSTRIA DE BIOCOMBUSTÍVEL LTDA",
    "Municipio": "IRAQUARA",
    "Latitude": -12.1967,
    "Longitude": -41.6139,
    "CNPJ": "13.463.913/0003-58",
    "Capm3dia": 1300.0,
    "Capm3ano": 474500.0,
    "AutANP": "Operação",
    "SeloBSoc": "Sim",
    "Prodm3": 261873.9
   },
   "geometry": {
    "x": -41.613899999999951,
    "y": -12.196699999609814
   }
  },
  {
   "attributes": {
    "OBJECTID": 840,
    "Regiao": "N",
    "UF": "RO",
    "Nome": "OLEOPLAN RONDONIA INDUSTRIA DE BIOCOMBUSTIVEL LTDA.",
    "Municipio": "CACOAL",
    "Latitude": -11.4319,
    "Longitude": -61.4549,
    "CNPJ": "36.015.262/0002-58",
    "Capm3dia": 600.0,
    "Capm3ano": 219000.0,
    "AutANP": "Construção",
    "SeloBSoc": "Não",
    "Prodm3": 0.0
   },
   "geometry": {
    "x": -61.454899999999952,
    "y": -11.431899999632879
   }
  },
  {
   "attributes": {
    "OBJECTID": 841,
    "Regiao": "S",
    "UF": "RS",
    "Nome": "OLEOPLAN S/A – ÓLEOS VEGETAIS PLANALTO",
    "Municipio": "VERANÓPOLIS",
    "Latitude": -30.2696,
    "Longitude": -52.8883,
    "CNPJ": "88.676.127/0002-57",
    "Capm3dia": 1300.0,
    "Capm3ano": 474500.0,
    "AutANP": "Operação",
    "SeloBSoc": "Sim",
    "Prodm3": 347584.8
   },
   "geometry": {
    "x": -52.888299999999958,
    "y": -30.269599999178027
   }
  },
  {
   "attributes": {
    "OBJECTID": 842,
    "Regiao": "CO",
    "UF": "GO",
    "Nome": "OLFAR S.A. - ALIMENTO E ENERGIA",
    "Municipio": "PORANGATU",
    "Latitude": -27.6721,
    "Longitude": -52.2903,
    "CNPJ": "91.830.836/0064-52",
    "Capm3dia": 1800.0,
    "Capm3ano": 657000.0,
    "AutANP": "Operação",
    "SeloBSoc": "Sim",
    "Prodm3": 0.0
   },
   "geometry": {
    "x": -52.290299999999945,
    "y": -27.672099999223324
   }
  },
  {
   "attributes": {
    "OBJECTID": 843,
    "Regiao": "S",
    "UF": "RS",
    "Nome": "OLFAR S/A - ALIMENTO E ENERGIA",
    "Municipio": "ERECHIM",
    "Latitude": -28.9258,
    "Longitude": -51.5393,
    "CNPJ": "91.830.836/0006-83",
    "Capm3dia": 1200.0,
    "Capm3ano": 438000.0,
    "AutANP": "Operação",
    "SeloBSoc": "Sim",
    "Prodm3": 239440.8
   },
   "geometry": {
    "x": -51.539299999999969,
    "y": -28.92579999920066
   }
  },
  {
   "attributes": {
    "OBJECTID": 844,
    "Regiao": "SE",
    "UF": "RJ",
    "Nome": "OLFAR S/A - ALIMENTO E ENERGIA",
    "Municipio": "PORTO REAL",
    "Latitude": -22.4089,
    "Longitude": -44.3148,
    "CNPJ": "91.830.836/0040-85",
    "Capm3dia": 450.0,
    "Capm3ano": 164250.0,
    "AutANP": "Operação",
    "SeloBSoc": "Sim",
    "Prodm3": 0.0
   },
   "geometry": {
    "x": -44.314799999999934,
    "y": -22.408899999334327
   }
  },
  {
   "attributes": {
    "OBJECTID": 845,
    "Regiao": "NE",
    "UF": "BA",
    "Nome": "PETROBRAS BIOCOMBUSTÍVEL S/A",
    "Municipio": "CANDEIAS",
    "Latitude": -12.6497,
    "Longitude": -38.545,
    "CNPJ": "10.144.628/0003-86",
    "Capm3dia": 845.5,
    "Capm3ano": 308592.9,
    "AutANP": "Operação",
    "SeloBSoc": "Sim",
    "Prodm3": 176707.0
   },
   "geometry": {
    "x": -38.544999999999959,
    "y": -12.649699999596244
   }
  },
  {
   "attributes": {
    "OBJECTID": 846,
    "Regiao": "SE",
    "UF": "MG",
    "Nome": "PETROBRAS BIOCOMBUSTÍVEL S/A",
    "Municipio": "MONTES CLAROS",
    "Latitude": -16.6861,
    "Longitude": -43.8696,
    "CNPJ": "10.144.628/0004-67",
    "Capm3dia": 545.5,
    "Capm3ano": 199089.3,
    "AutANP": "Operação",
    "SeloBSoc": "Sim",
    "Prodm3": 131888.2
   },
   "geometry": {
    "x": -43.869599999999934,
    "y": -16.686099999480383
   }
  },
  {
   "attributes": {
    "OBJECTID": 847,
    "Regiao": "S",
    "UF": "PR",
    "Nome": "POTENCIAL BIODIESEL LTDA",
    "Municipio": "LAPA",
    "Latitude": -25.7751,
    "Longitude": -49.7375,
    "CNPJ": "12.613.484/0001-23",
    "Capm3dia": 2500.0,
    "Capm3ano": 912500.0,
    "AutANP": "Operação",
    "SeloBSoc": "Sim",
    "Prodm3": 411061.1
   },
   "geometry": {
    "x": -49.737499999999955,
    "y": -25.77509999926048
   }
  },
  {
   "attributes": {
    "OBJECTID": 848,
    "Regiao": "SE",
    "UF": "SP",
    "Nome": "PRISMA COMERCIAL EXPORTADORA DE OLEOQUÍMICOS LTDA.",
    "Municipio": "SUMARÉ",
    "Latitude": -20.7219,
    "Longitude": -47.8817,
    "CNPJ": "09.267.863/0006-09",
    "Capm3dia": 200.0,
    "Capm3ano": 73000.0,
    "AutANP": "Operação",
    "SeloBSoc": "Sim",
    "Prodm3": 11081.8
   },
   "geometry": {
    "x": -47.881699999999974,
    "y": -20.721899999374841
   }
  },
  {
   "attributes": {
    "OBJECTID": 849,
    "Regiao": "SE",
    "UF": "SP",
    "Nome": "PRODUTOS ALIMENTÍCIOS ORLÂNDIA S/A - COMÉRCIO E INDÚSTRIA",
    "Municipio": "ORLÂNDIA",
    "Latitude": -21.6694,
    "Longitude": -49.7886,
    "CNPJ": "53.309.845/0001-20",
    "Capm3dia": 367.0,
    "Capm3ano": 133955.0,
    "AutANP": "Operação",
    "SeloBSoc": "Não",
    "Prodm3": 64830.0
   },
   "geometry": {
    "x": -49.788599999999974,
    "y": -21.6693999993518
   }
  },
  {
   "attributes": {
    "OBJECTID": 850,
    "Regiao": "S",
    "UF": "SC",
    "Nome": "SEARA ALIMENTOS LTDA.",
    "Municipio": "MAFRA",
    "Latitude": -26.1156,
    "Longitude": -49.8105,
    "CNPJ": "02.914.460/0327-88",
    "Capm3dia": 1025.0,
    "Capm3ano": 374125.0,
    "AutANP": "Construção",
    "SeloBSoc": "Não",
    "Prodm3": 0.0
   },
   "geometry": {
    "x": -49.810499999999941,
    "y": -26.115599999253586
   }
  },
  {
   "attributes": {
    "OBJECTID": 851,
    "Regiao": "CO",
    "UF": "MT",
    "Nome": "TAUÁ BIODIESEL LTDA",
    "Municipio": "NOVA MUTUM",
    "Latitude": -13.3143,
    "Longitude": -56.5742,
    "CNPJ": "08.079.290/0001-12",
    "Capm3dia": 100.0,
    "Capm3ano": 36500.0,
    "AutANP": "Operação",
    "SeloBSoc": "Não",
    "Prodm3": 0.0
   },
   "geometry": {
    "x": -56.574199999999962,
    "y": -13.314299999576557
   }
  },
  {
   "attributes": {
    "OBJECTID": 852,
    "Regiao": "S",
    "UF": "RS",
    "Nome": "TRÊS TENTOS AGROINDUSTRIAL S/A",
    "Municipio": "IJUÍ",
    "Latitude": -27.6724,
    "Longitude": -52.29,
    "CNPJ": "94.813.102/0017-37",
    "Capm3dia": 850.0,
    "Capm3ano": 310250.0,
    "AutANP": "Operação",
    "SeloBSoc": "Sim",
    "Prodm3": 181850.0
   },
   "geometry": {
    "x": -52.289999999999957,
    "y": -27.672399999223359
   }
  },
  {
   "attributes": {
    "OBJECTID": 853,
    "Regiao": "N",
    "UF": "PA",
    "Nome": "UNIÃO INDÚSTRIA E COMÉRCIO DE BIOCOMBUSTÍVEL",
    "Municipio": "SANTO ANTÔNIO DE TAUÁ",
    "Latitude": -1.1547,
    "Longitude": -48.13,
    "CNPJ": "30.937.909/0001-31",
    "Capm3dia": 250.0,
    "Capm3ano": 91250.0,
    "AutANP": "Construção",
    "SeloBSoc": "Não",
    "Prodm3": 0.0
   },
   "geometry": {
    "x": -48.129999999999946,
    "y": -1.1546999999618639
   }
  },
  {
   "attributes": {
    "OBJECTID": 854,
    "Regiao": "CO",
    "UF": "MT",
    "Nome": "USINA BARRALCOOL S/A",
    "Municipio": "BARRA DOS BUGRES",
    "Latitude": -15.0336,
    "Longitude": -57.2155,
    "CNPJ": "33.664.228/0001-35",
    "Capm3dia": 190.5,
    "Capm3ano": 69517.9,
    "AutANP": "Operação",
    "SeloBSoc": "Sim",
    "Prodm3": 0.0
   },
   "geometry": {
    "x": -57.215499999999963,
    "y": -15.033599999526716
   }
  },
  {
   "attributes": {
    "OBJECTID": 855,
    "Regiao": "CO",
    "UF": "MT",
    "Nome": "ALIANÇA BIOCOMBUSTÍVEL EIRELI",
    "Municipio": "RONDONÓPOLIS",
    "Latitude": -16.5074,
    "Longitude": -54.6392,
    "CNPJ": "10.737.181/0001-97",
    "Capm3dia": 70.0,
    "Capm3ano": 25550.0,
    "AutANP": "Ampliação",
    "SeloBSoc": "Sim",
    "Prodm3": 0.0
   },
   "geometry": {
    "x": -54.63919999999996,
    "y": -16.507399999485308
   }
  },
  {
   "attributes": {
    "OBJECTID": 856,
    "Regiao": "N",
    "UF": "RO",
    "Nome": "AMAZONBIO INDÚSTRIA E COMÉRCIO DE BIODIESEL DA AMAZÔNIA LTDA.",
    "Municipio": "JI-PARANÁ",
    "Latitude": -10.8971,
    "Longitude": -61.912,
    "CNPJ": "08.794.451/0001-50",
    "Capm3dia": 110.0,
    "Capm3ano": 40150.0,
    "AutANP": "Ampliação",
    "SeloBSoc": "Não",
    "Prodm3": 0.0
   },
   "geometry": {
    "x": -61.911999999999971,
    "y": -10.897099999649226
   }
  },
  {
   "attributes": {
    "OBJECTID": 857,
    "Regiao": "CO",
    "UF": "GO",
    "Nome": "BINATURAL INDÚSTRIA E COMÉRCIO DE ÓLEOS VEGETAIS LTDA.",
    "Municipio": "FORMOSA",
    "Latitude": -15.5482,
    "Longitude": -47.3514,
    "CNPJ": "07.113.559/0001-77",
    "Capm3dia": 200.0,
    "Capm3ano": 73000.0,
    "AutANP": "Ampliação",
    "SeloBSoc": "Sim",
    "Prodm3": 0.0
   },
   "geometry": {
    "x": -47.351399999999956,
    "y": -15.548199999512088
   }
  },
  {
   "attributes": {
    "OBJECTID": 858,
    "Regiao": "S",
    "UF": "PR",
    "Nome": "BSBIOS INDUSTRIA E COMERCIO DE BIODIESEL SUL BRASIL S.A",
    "Municipio": "MARIALVA",
    "Latitude": -23.4738,
    "Longitude": -51.8222,
    "CNPJ": "07.322.382/0004-61",
    "Capm3dia": 200.0,
    "Capm3ano": 73000.0,
    "AutANP": "Ampliação",
    "SeloBSoc": "Sim",
    "Prodm3": 0.0
   },
   "geometry": {
    "x": -51.822199999999953,
    "y": -23.473799999309954
   }
  },
  {
   "attributes": {
    "OBJECTID": 859,
    "Regiao": "S",
    "UF": "RS",
    "Nome": "BSBIOS INDÚSTRIA E COMÉRCIO DE BIODIESEL SUL BRASIL S.A",
    "Municipio": "PASSO FUNDO",
    "Latitude": -28.2404,
    "Longitude": -52.4008,
    "CNPJ": "07.322.382/0001-19",
    "Capm3dia": 200.0,
    "Capm3ano": 73000.0,
    "AutANP": "Ampliação",
    "SeloBSoc": "Sim",
    "Prodm3": 0.0
   },
   "geometry": {
    "x": -52.400799999999947,
    "y": -28.240399999212862
   }
  },
  {
   "attributes": {
    "OBJECTID": 860,
    "Regiao": "SE",
    "UF": "SP",
    "Nome": "JBS S/A",
    "Municipio": "LINS",
    "Latitude": -21.1096,
    "Longitude": -48.9677,
    "CNPJ": "02.916.265/0133-00",
    "Capm3dia": 183.8,
    "Capm3ano": 67076.1,
    "AutANP": "Ampliação",
    "SeloBSoc": "Sim",
    "Prodm3": 0.0
   },
   "geometry": {
    "x": -48.967699999999979,
    "y": -21.10959999936534
   }
  },
  {
   "attributes": {
    "OBJECTID": 861,
    "Regiao": "SE",
    "UF": "RJ",
    "Nome": "OLFAR S.A. - ALIMENTO E ENERGIA",
    "Municipio": "PORTO REAL",
    "Latitude": -22.4089,
    "Longitude": -44.3148,
    "CNPJ": "91.830.836/0040-85",
    "Capm3dia": 400.0,
    "Capm3ano": 146000.0,
    "AutANP": "Ampliação",
    "SeloBSoc": "Sim",
    "Prodm3": 0.0
   },
   "geometry": {
    "x": -44.314799999999934,
    "y": -22.408899999334327
   }
  }
 ]
}