{
 "displayFieldName": "UF",
 "fieldAliases": {
  "OBJECTID": "FID",
  "UF": "UF",
  "Municipio": "Município",
  "Empresa": "Empresa Responsável",
  "CNPJ": "Cadastro da empresa",
  "Latitude": "Latitude",
  "Longitude": "Longitude",
  "Capacidade": "Capacidade da planta (Nm³/dia)",
  "MateriaPri": "Matéria-prima",
  "Situacao": "Condição da planta",
  "Autorizaca": "Autorização de operação",
  "InicioOper": "Início da operação",
  "Observacao": "Observações"
 },
 "geometryType": "esriGeometryPoint",
 "spatialReference": {
  "wkid": 4674,
  "latestWkid": 4674
 },
 "fields": [
  {
   "name": "OBJECTID",
   "type": "esriFieldTypeOID",
   "alias": "FID"
  },
  {
   "name": "UF",
   "type": "esriFieldTypeString",
   "alias": "UF",
   "length": 254
  },
  {
   "name": "Municipio",
   "type": "esriFieldTypeString",
   "alias": "Município",
   "length": 254
  },
  {
   "name": "Empresa",
   "type": "esriFieldTypeString",
   "alias": "Empresa Responsável",
   "length": 254
  },
  {
   "name": "CNPJ",
   "type": "esriFieldTypeString",
   "alias": "Cadastro da empresa",
   "length": 254
  },
  {
   "name": "Latitude",
   "type": "esriFieldTypeDouble",
   "alias": "Latitude"
  },
  {
   "name": "Longitude",
   "type": "esriFieldTypeDouble",
   "alias": "Longitude"
  },
  {
   "name": "Capacidade",
   "type": "esriFieldTypeInteger",
   "alias": "Capacidade da planta (Nm³/dia)"
  },
  {
   "name": "MateriaPri",
   "type": "esriFieldTypeString",
   "alias": "Matéria-prima",
   "length": 254
  },
  {
   "name": "Situacao",
   "type": "esriFieldTypeString",
   "alias": "Condição da planta",
   "length": 254
  },
  {
   "name": "Autorizaca",
   "type": "esriFieldTypeString",
   "alias": "Autorização de operação",
   "length": 254
  },
  {
   "name": "InicioOper",
   "type": "esriFieldTypeString",
   "alias": "Início da operação",
   "length": 254
  },
  {
   "name": "Observacao",
   "type": "esriFieldTypeString",
   "alias": "Observações",
   "length": 254
  }
 ],
 "features": [
  {
   "attributes": {
    "OBJECTID": 1,
    "UF": "SP",
    "Municipio": "NARANDIBA",
    "Empresa": "COCAL ENERGIA S.A.",
    "CNPJ": "14.788.495/0001-70",
    "Latitude": -22.530000000000001,
    "Longitude": -51.506999999999998,
    "Capacidade": 27113,
    "MateriaPri": "PRODUTOS E RESÍDUOS ORGÂNICOS AGROSSILVOPASTORIS E COMERCIAIS",
    "Situacao": "Operação",
    "Autorizaca": "https://atosoficiais.com.br/anp/autorizacao-n-422-2022?origin=instituicao",
    "InicioOper": "jul/22",
    "Observacao": "N/A"
   },
   "geometry": {
    "x": -51.506999999999948,
    "y": -22.529999999999973
   }
  },
  {
   "attributes": {
    "OBJECTID": 2,
    "UF": "SP",
    "Municipio": "JAMBEIRO",
    "Empresa": "ENGEP AMBIENTAL LTDA.",
    "CNPJ": "17.354.555/0002-15",
    "Latitude": -23.277000000000001,
    "Longitude": -45.747999999999998,
    "Capacidade": 30000,
    "MateriaPri": "RESÍDUOS SÓLIDOS URBANOS DEPOSITADOS EM ATERRO SANITÁRIO",
    "Situacao": "Operação",
    "Autorizaca": "https://atosoficiais.com.br/anp/autorizacao-n-222-2023?origin=instituicao",
    "InicioOper": "mar/23",
    "Observacao": "N/A"
   },
   "geometry": {
    "x": -45.747999999999934,
    "y": -23.27699999999993
   }
  },
  {
   "attributes": {
    "OBJECTID": 3,
    "UF": "RJ",
    "Municipio": "SÃO\u00A0PEDRO DA ALDEIA",
    "Empresa": "GNR DOIS ARCOS VALORIZAÇÃO DE BIOGÁS LTDA.",
    "CNPJ": "17.173.460/0002-03",
    "Latitude": -22.826000000000001,
    "Longitude": -42.052999999999997,
    "Capacidade": 16000,
    "MateriaPri": "RESÍDUOS SÓLIDOS URBANOS DEPOSITADOS EM ATERRO SANITÁRIO",
    "Situacao": "Operação",
    "Autorizaca": "https://atosoficiais.com.br/anp/autorizacao-n-488-2020?origin=instituicao",
    "InicioOper": "jul/20",
    "Observacao": "N/A"
   },
   "geometry": {
    "x": -42.05299999999994,
    "y": -22.825999999999965
   }
  },
  {
   "attributes": {
    "OBJECTID": 4,
    "UF": "CE",
    "Municipio": "CAUCAIA",
    "Empresa": "GNR FORTALEZA VALORIZAÇÃO DE BIOGÁS LTDA.",
    "CNPJ": "20.287.659/0001-88",
    "Latitude": -3.7949999999999999,
    "Longitude": -38.679000000000002,
    "Capacidade": 110000,
    "MateriaPri": "RESÍDUOS SÓLIDOS URBANOS DEPOSITADOS EM ATERRO SANITÁRIO",
    "Situacao": "Operação",
    "Autorizaca": "https://atosoficiais.com.br/anp/autorizacao-n-14-2020?origin=instituicao",
    "InicioOper": "jan/20",
    "Observacao": "N/A"
   },
   "geometry": {
    "x": -38.678999999999974,
    "y": -3.7949999999999591
   }
  },
  {
   "attributes": {
    "OBJECTID": 5,
    "UF": "SP",
    "Municipio": "SÃO PAULO",
    "Empresa": "METAGÁS BIOGÁS E ENERGIA S.A.",
    "CNPJ": "43.943.079/0001-05",
    "Latitude": -23.620999999999999,
    "Longitude": -46.423000000000002,
    "Capacidade": 30000,
    "MateriaPri": "RESÍDUOS SÓLIDOS URBANOS DEPOSITADOS EM ATERRO SANITÁRIO",
    "Situacao": "Operação",
    "Autorizaca": "https://atosoficiais.com.br/anp/autorizacao-n-369-2022?origin=instituicao",
    "InicioOper": "jun/22",
    "Observacao": "N/A"
   },
   "geometry": {
    "x": -46.422999999999945,
    "y": -23.620999999999981
   }
  },
  {
   "attributes": {
    "OBJECTID": 6,
    "UF": "SP",
    "Municipio": "ELIAS FAUSTO",
    "Empresa": "CRI GEO BIOGAS S.A.",
    "CNPJ": "38.615.333/0001-06",
    "Latitude": -23.073,
    "Longitude": -47.402000000000001,
    "Capacidade": 19008,
    "MateriaPri": "PRODUTOS E RESÍDUOS ORGÂNICOS AGROSSILVOPASTORIS E COMERCIAIS",
    "Situacao": "Construção",
    "Autorizaca": "N/A",
    "InicioOper": "jun/23",
    "Observacao": "N/A"
   },
   "geometry": {
    "x": -47.40199999999993,
    "y": -23.072999999999979
   }
  },
  {
   "attributes": {
    "OBJECTID": 7,
    "UF": "SP",
    "Municipio": "CAIEIRAS",
    "Empresa": "ESSENCIS BIOMETANO S.A",
    "CNPJ": "48.119.972/0001-26",
    "Latitude": -23.338000000000001,
    "Longitude": -46.768000000000001,
    "Capacidade": 73920,
    "MateriaPri": "RESÍDUOS SÓLIDOS URBANOS DEPOSITADOS EM ATERRO SANITÁRIO",
    "Situacao": "Construção",
    "Autorizaca": "N/A",
    "InicioOper": "jan/24",
    "Observacao": "N/A"
   },
   "geometry": {
    "x": -46.767999999999972,
    "y": -23.337999999999965
   }
  },
  {
   "attributes": {
    "OBJECTID": 8,
    "UF": "PR",
    "Municipio": "TAMBOARA",
    "Empresa": "GEO ELÉTRICA TAMBOARA BIOENERGIA LTDA.",
    "CNPJ": "12.415.018/0002-14",
    "Latitude": -23.265000000000001,
    "Longitude": -52.491999999999997,
    "Capacidade": 31200,
    "MateriaPri": "PRODUTOS E RESÍDUOS ORGÂNICOS AGROSSILVOPASTORIS E COMERCIAIS",
    "Situacao": "Construção",
    "Autorizaca": "N/A",
    "InicioOper": "ago/23",
    "Observacao": "N/A"
   },
   "geometry": {
    "x": -52.491999999999962,
    "y": -23.26499999999993
   }
  },
  {
   "attributes": {
    "OBJECTID": 9,
    "UF": "GO",
    "Municipio": "RIO VERDE DE GOIÁS",
    "Empresa": "H2A SOLUÇÕES AMBIENTAIS LTDA.",
    "CNPJ": "18.499.976/0001-16",
    "Latitude": -17.797999999999998,
    "Longitude": -50.927999999999997,
    "Capacidade": 4320,
    "MateriaPri": "N/D",
    "Situacao": "Construção",
    "Autorizaca": "N/A",
    "InicioOper": "jun/23",
    "Observacao": "Coordenada no centro de massa do município"
   },
   "geometry": {
    "x": -50.92799999999994,
    "y": -17.797999999999945
   }
  },
  {
   "attributes": {
    "OBJECTID": 10,
    "UF": "SP",
    "Municipio": "PIRACICABA",
    "Empresa": "RAIZEN-GEO BIOGÁS COSTA PINTO LTDA.",
    "CNPJ": "45.281.972/0001-30",
    "Latitude": -22.637,
    "Longitude": -47.683999999999997,
    "Capacidade": 70858,
    "MateriaPri": "PRODUTOS E RESÍDUOS ORGÂNICOS AGROSSILVOPASTORIS E COMERCIAIS",
    "Situacao": "Construção",
    "Autorizaca": "N/A",
    "InicioOper": "jul/23",
    "Observacao": "N/A"
   },
   "geometry": {
    "x": -47.683999999999969,
    "y": -22.636999999999944
   }
  },
  {
   "attributes": {
    "OBJECTID": 11,
    "UF": "SC",
    "Municipio": "CAMPOS NOVOS",
    "Empresa": "SCBIO ENERGIAS RENOVÁVEIS SPE LTDA.",
    "CNPJ": "47.290.256/0002-25",
    "Latitude": -27.402000000000001,
    "Longitude": -51.225000000000001,
    "Capacidade": 4320,
    "MateriaPri": "PRODUTOS E RESÍDUOS ORGÂNICOS AGROSSILVOPASTORIS E COMERCIAIS",
    "Situacao": "Construção",
    "Autorizaca": "N/A",
    "InicioOper": "jun/23",
    "Observacao": "Coordenada no centro de massa do município"
   },
   "geometry": {
    "x": -51.224999999999966,
    "y": -27.40199999999993
   }
  },
  {
   "attributes": {
    "OBJECTID": 12,
    "UF": "RS",
    "Municipio": "PORTO ALEGRE",
    "Empresa": "SPE CENTRAL DE TRATAMENTO INTEGRADO RESÍDUO ZERO LTDA.",
    "CNPJ": "35.536.099/0001-25",
    "Latitude": -30.033000000000001,
    "Longitude": -51.229999999999997,
    "Capacidade": 36000,
    "MateriaPri": "PRODUTOS E RESÍDUOS ORGÂNICOS AGROSSILVOPASTORIS E COMERCIAIS",
    "Situacao": "Construção",
    "Autorizaca": "N/A",
    "InicioOper": "out/23",
    "Observacao": "Coordenada no centro de massa do município"
   },
   "geometry": {
    "x": -51.229999999999961,
    "y": -30.032999999999959
   }
  },
  {
   "attributes": {
    "OBJECTID": 13,
    "UF": "GO",
    "Municipio": "EDÉIA",
    "Empresa": "TROPICAL BIOGÁS LTDA.",
    "CNPJ": "48.990.728/0001-34",
    "Latitude": -17.684999999999999,
    "Longitude": -50.115000000000002,
    "Capacidade": 17300,
    "MateriaPri": "PRODUTOS E RESÍDUOS ORGÂNICOS AGROSSILVOPASTORIS E COMERCIAIS",
    "Situacao": "Construção",
    "Autorizaca": "N/A",
    "InicioOper": "mar/26",
    "Observacao": "N/A"
   },
   "geometry": {
    "x": -50.114999999999952,
    "y": -17.684999999999945
   }
  },
  {
   "attributes": {
    "OBJECTID": 14,
    "UF": "MT",
    "Municipio": "NOVA OLÍMPIA",
    "Empresa": "UISA GEO BIOGÁS S.A",
    "CNPJ": "35.841.348/0001-96",
    "Latitude": -14.768000000000001,
    "Longitude": -57.192999999999998,
    "Capacidade": 27600,
    "MateriaPri": "PRODUTOS E RESÍDUOS ORGÂNICOS AGROSSILVOPASTORIS E COMERCIAIS",
    "Situacao": "Construção",
    "Autorizaca": "N/A",
    "InicioOper": "set/23",
    "Observacao": "N/A"
   },
   "geometry": {
    "x": -57.192999999999984,
    "y": -14.767999999999972
   }
  },
  {
   "attributes": {
    "OBJECTID": 15,
    "UF": "PR",
    "Municipio": "FAZENDA RIO GRANDE",
    "Empresa": "VALORGAS CURITIBA SPE LTDA.",
    "CNPJ": "30.168.227/0001-01",
    "Latitude": -25.663,
    "Longitude": -49.338999999999999,
    "Capacidade": 17000,
    "MateriaPri": "RESÍDUOS SÓLIDOS URBANOS DEPOSITADOS EM ATERRO SANITÁRIO",
    "Situacao": "Construção",
    "Autorizaca": "N/A",
    "InicioOper": "ago/24",
    "Observacao": "N/A"
   },
   "geometry": {
    "x": -49.338999999999942,
    "y": -25.662999999999954
   }
  }
 ]
}