﻿Mês/Ano,Região,Estado,Produção
07/2023,NORDESTE,Ceará,2232205000
07/2023,SUDESTE,Rio de Janeiro,4028086730
07/2023,SUDESTE,São Paulo,671686405
06/2023,NORDESTE,Ceará,2139708000
06/2023,SUDESTE,Rio de Janeiro,2733077240
06/2023,SUDESTE,São Paulo,775042691
05/2023,NORDESTE,Ceará,2439020000
05/2023,SUDESTE,Rio de Janeiro,3225840420
05/2023,SUDESTE,São Paulo,362850233
04/2023,NORDESTE,Ceará,2382615000
04/2023,SUDESTE,Rio de Janeiro,3454918780
04/2023,SUDESTE,São Paulo,112405903
03/2023,NORDESTE,Ceará,2752477000
03/2023,SUDESTE,Rio de Janeiro,3441360350
03/2023,SUDESTE,São Paulo,357081303
02/2023,NORDESTE,Ceará,1521883000
02/2023,SUDESTE,Rio de Janeiro,3191145180
02/2023,SUDESTE,São Paulo,332654067
01/2023,NORDESTE,Ceará,2523983000
01/2023,SUDESTE,Rio de Janeiro,3036906490
01/2023,SUDESTE,São Paulo,321826094
12/2022,NORDESTE,Ceará,2435403000
12/2022,SUDESTE,Rio de Janeiro,3052473770
12/2022,SUDESTE,São Paulo,284486365
11/2022,NORDESTE,Ceará,2371997000
11/2022,SUDESTE,Rio de Janeiro,1648458870
11/2022,SUDESTE,São Paulo,262773785
10/2022,NORDESTE,Ceará,2139388000
10/2022,SUDESTE,Rio de Janeiro,3651424010
10/2022,SUDESTE,São Paulo,205192297
09/2022,NORDESTE,Ceará,2125088000
09/2022,SUDESTE,Rio de Janeiro,3212714250
09/2022,SUDESTE,São Paulo,196547463
08/2022,NORDESTE,Ceará,2158200000
08/2022,SUDESTE,Rio de Janeiro,3099926000
08/2022,SUDESTE,São Paulo,80796788
07/2022,NORDESTE,Ceará,2558126000
07/2022,SUDESTE,Rio de Janeiro,2643186001
07/2022,SUDESTE,São Paulo,79950710
06/2022,NORDESTE,Ceará,2557430000
06/2022,SUDESTE,Rio de Janeiro,2596059140
05/2022,NORDESTE,Ceará,2713341000
05/2022,SUDESTE,Rio de Janeiro,1822405110
04/2022,NORDESTE,Ceará,2747443000
04/2022,SUDESTE,Rio de Janeiro,1959551360
03/2022,NORDESTE,Ceará,2450917000
03/2022,SUDESTE,Rio de Janeiro,1618339270
02/2022,NORDESTE,Ceará,2291289000
02/2022,SUDESTE,Rio de Janeiro,1415950000
01/2022,NORDESTE,Ceará,2113843000
01/2022,SUDESTE,Rio de Janeiro,1893361250
12/2021,NORDESTE,Ceará,727221000
12/2021,SUDESTE,Rio de Janeiro,1831215280
11/2021,NORDESTE,Ceará,2217294000
11/2021,SUDESTE,Rio de Janeiro,1904491190
10/2021,NORDESTE,Ceará,2367847000
10/2021,SUDESTE,Rio de Janeiro,1981864930
09/2021,NORDESTE,Ceará,2223972230
09/2021,SUDESTE,Rio de Janeiro,2202671260
08/2021,NORDESTE,Ceará,2345568000
08/2021,SUDESTE,Rio de Janeiro,2281057600
07/2021,NORDESTE,Ceará,2194629000
07/2021,SUDESTE,Rio de Janeiro,2522563050
06/2021,NORDESTE,Ceará,2246702000
06/2021,SUDESTE,Rio de Janeiro,2490944500
05/2021,NORDESTE,Ceará,2360935000
05/2021,SUDESTE,Rio de Janeiro,2500568990
04/2021,NORDESTE,Ceará,2187025000
04/2021,SUDESTE,Rio de Janeiro,1926202980
03/2021,NORDESTE,Ceará,2085566000
03/2021,SUDESTE,Rio de Janeiro,1885190310
02/2021,NORDESTE,Ceará,1802761000
02/2021,SUDESTE,Rio de Janeiro,1895520380
01/2021,NORDESTE,Ceará,1832177000
01/2021,SUDESTE,Rio de Janeiro,1425247600
12/2020,NORDESTE,Ceará,1720012000
12/2020,SUDESTE,Rio de Janeiro,1861512500
11/2020,NORDESTE,Ceará,1722957000
11/2020,SUDESTE,Rio de Janeiro,2102627710
10/2020,NORDESTE,Ceará,1916434000
10/2020,SUDESTE,Rio de Janeiro,2187595320
09/2020,NORDESTE,Ceará,1880002000
09/2020,SUDESTE,Rio de Janeiro,1836423370
08/2020,NORDESTE,Ceará,1956427000
08/2020,SUDESTE,Rio de Janeiro,1245037710
07/2020,NORDESTE,Ceará,2218781000
07/2020,SUDESTE,Rio de Janeiro,2118130860
06/2020,NORDESTE,Ceará,2111745000
05/2020,NORDESTE,Ceará,2364125990
04/2020,NORDESTE,Ceará,2236560000
03/2020,NORDESTE,Ceará,2418989290
02/2020,NORDESTE,Ceará,2084682000
01/2020,NORDESTE,Ceará,2161394000
