﻿Mês/Ano,Razão Social,CNPJ,Região,Estado,Município,Capacidade Autorizada (m³/d),Capacidade Processamento(m³/d),Volume Processado  (m³/d),FUE (%)
07/2023,GÁS VERDE S.A.,11131464000587,SUDESTE,Rio de Janeiro,SEROPEDICA,204000,480000,403565,198
07/2023,COCAL ENERGIA S.A.,14788495000170,SUDESTE,São Paulo,NARANDIBA,27112,51600,2,0
07/2023,GNR DOIS ARCOS VALORIZAÇÃO DE BIOGÁS LTDA.,17173460000203,SUDESTE,Rio de Janeiro,SAO PEDRO DA ALDEIA,16000,30672,28933,181
07/2023,ENGEP AMBIENTAL LTDA,17354555000215,SUDESTE,São Paulo,JAMBEIRO,30000,84000,26544,88
07/2023,GNR FORTALEZA VALORIZAÇÃO DE BIOGÁS LTDA.,20287659000188,NORDESTE,Ceará,CAUCAIA,110000,300000,152892,139
07/2023,METAGÁS BIOGÁS E ENERGIA S.A,43943079000105,SUDESTE,São Paulo,SAO PAULO,30000,60000,9205,31
06/2023,GÁS VERDE S.A.,11131464000587,SUDESTE,Rio de Janeiro,SEROPEDICA,204000,480000,392669,192
06/2023,COCAL ENERGIA S.A.,14788495000170,SUDESTE,São Paulo,NARANDIBA,27112,51600,3,0
06/2023,GNR DOIS ARCOS VALORIZAÇÃO DE BIOGÁS LTDA.,17173460000203,SUDESTE,Rio de Janeiro,SAO PEDRO DA ALDEIA,16000,30672,26873,168
06/2023,ENGEP AMBIENTAL LTDA,17354555000215,SUDESTE,São Paulo,JAMBEIRO,30000,84000,27857,93
06/2023,GNR FORTALEZA VALORIZAÇÃO DE BIOGÁS LTDA.,20287659000188,NORDESTE,Ceará,CAUCAIA,110000,300000,150966,137
06/2023,METAGÁS BIOGÁS E ENERGIA S.A,43943079000105,SUDESTE,São Paulo,SAO PAULO,30000,60000,15541,52
05/2023,GÁS VERDE S.A.,11131464000587,SUDESTE,Rio de Janeiro,SEROPEDICA,204000,480000,393751,193
05/2023,COCAL ENERGIA S.A.,14788495000170,SUDESTE,São Paulo,NARANDIBA,27112,51600,3,0
05/2023,GNR DOIS ARCOS VALORIZAÇÃO DE BIOGÁS LTDA.,17173460000203,SUDESTE,Rio de Janeiro,SAO PEDRO DA ALDEIA,16000,30672,28774,180
05/2023,ENGEP AMBIENTAL LTDA,17354555000215,SUDESTE,São Paulo,JAMBEIRO,30000,84000,944,3
05/2023,GNR FORTALEZA VALORIZAÇÃO DE BIOGÁS LTDA.,20287659000188,NORDESTE,Ceará,CAUCAIA,110000,300000,172323,157
05/2023,METAGÁS BIOGÁS E ENERGIA S.A,43943079000105,SUDESTE,São Paulo,SAO PAULO,30000,60000,16298,54
04/2023,GÁS VERDE S.A.,11131464000587,SUDESTE,Rio de Janeiro,SEROPEDICA,204000,480000,410954,201
04/2023,COCAL ENERGIA S.A.,14788495000170,SUDESTE,São Paulo,NARANDIBA,27112,51600,2,0
04/2023,GNR DOIS ARCOS VALORIZAÇÃO DE BIOGÁS LTDA.,17173460000203,SUDESTE,Rio de Janeiro,SAO PEDRO DA ALDEIA,16000,30672,24021,150
04/2023,ENGEP AMBIENTAL LTDA,17354555000215,SUDESTE,São Paulo,JAMBEIRO,30000,84000,0,0
04/2023,GNR FORTALEZA VALORIZAÇÃO DE BIOGÁS LTDA.,20287659000188,NORDESTE,Ceará,CAUCAIA,110000,300000,174104,158
04/2023,METAGÁS BIOGÁS E ENERGIA S.A,43943079000105,SUDESTE,São Paulo,SAO PAULO,30000,60000,5243,17
03/2023,GÁS VERDE S.A.,11131464000587,SUDESTE,Rio de Janeiro,SEROPEDICA,204000,480000,432395,212
03/2023,COCAL ENERGIA S.A.,14788495000170,SUDESTE,São Paulo,NARANDIBA,27112,51600,2,0
03/2023,GNR DOIS ARCOS VALORIZAÇÃO DE BIOGÁS LTDA.,17173460000203,SUDESTE,Rio de Janeiro,SAO PEDRO DA ALDEIA,16000,30672,10656,67
03/2023,ENGEP AMBIENTAL LTDA,17354555000215,SUDESTE,São Paulo,JAMBEIRO,30000,84000,0,0
03/2023,GNR FORTALEZA VALORIZAÇÃO DE BIOGÁS LTDA.,20287659000188,NORDESTE,Ceará,CAUCAIA,110000,300000,190154,173
03/2023,METAGÁS BIOGÁS E ENERGIA S.A,43943079000105,SUDESTE,São Paulo,SAO PAULO,30000,60000,17169,57
02/2023,GÁS VERDE S.A.,11131464000587,SUDESTE,Rio de Janeiro,SEROPEDICA,204000,480000,455876,223
02/2023,COCAL ENERGIA S.A.,14788495000170,SUDESTE,São Paulo,NARANDIBA,27112,51600,3,0
02/2023,GNR DOIS ARCOS VALORIZAÇÃO DE BIOGÁS LTDA.,17173460000203,SUDESTE,Rio de Janeiro,SAO PEDRO DA ALDEIA,16000,30672,18139,113
02/2023,GNR FORTALEZA VALORIZAÇÃO DE BIOGÁS LTDA.,20287659000188,NORDESTE,Ceará,CAUCAIA,110000,300000,184478,168
02/2023,METAGÁS BIOGÁS E ENERGIA S.A,43943079000105,SUDESTE,São Paulo,SAO PAULO,30000,60000,18224,61
01/2023,GÁS VERDE S.A.,11131464000587,SUDESTE,Rio de Janeiro,SEROPEDICA,204000,480000,406630,199
01/2023,COCAL ENERGIA S.A.,14788495000170,SUDESTE,São Paulo,NARANDIBA,27112,51600,2,0
01/2023,GNR DOIS ARCOS VALORIZAÇÃO DE BIOGÁS LTDA.,17173460000203,SUDESTE,Rio de Janeiro,SAO PEDRO DA ALDEIA,16000,30672,12994,81
01/2023,GNR FORTALEZA VALORIZAÇÃO DE BIOGÁS LTDA.,20287659000188,NORDESTE,Ceará,CAUCAIA,110000,300000,171498,156
01/2023,METAGÁS BIOGÁS E ENERGIA S.A,43943079000105,SUDESTE,São Paulo,SAO PAULO,30000,60000,15552,52
12/2022,GÁS VERDE S.A.,11131464000587,SUDESTE,Rio de Janeiro,SEROPEDICA,204000,480000,417237,205
12/2022,COCAL ENERGIA S.A.,14788495000170,SUDESTE,São Paulo,NARANDIBA,27112,51600,3,0
12/2022,GNR DOIS ARCOS VALORIZAÇÃO DE BIOGÁS LTDA.,17173460000203,SUDESTE,Rio de Janeiro,SAO PEDRO DA ALDEIA,16000,30672,13629,85
12/2022,GNR FORTALEZA VALORIZAÇÃO DE BIOGÁS LTDA.,20287659000188,NORDESTE,Ceará,CAUCAIA,110000,300000,167111,152
12/2022,METAGÁS BIOGÁS E ENERGIA S.A,43943079000105,SUDESTE,São Paulo,SAO PAULO,30000,60000,13892,46
11/2022,GÁS VERDE S.A.,11131464000587,SUDESTE,Rio de Janeiro,SEROPEDICA,204000,480000,432929,212
11/2022,COCAL ENERGIA S.A.,14788495000170,SUDESTE,São Paulo,NARANDIBA,27112,51600,1,0
11/2022,GNR DOIS ARCOS VALORIZAÇÃO DE BIOGÁS LTDA.,17173460000203,SUDESTE,Rio de Janeiro,SAO PEDRO DA ALDEIA,16000,30672,14097,88
11/2022,GNR FORTALEZA VALORIZAÇÃO DE BIOGÁS LTDA.,20287659000188,NORDESTE,Ceará,CAUCAIA,110000,300000,169476,154
11/2022,METAGÁS BIOGÁS E ENERGIA S.A,43943079000105,SUDESTE,São Paulo,SAO PAULO,30000,60000,4486,15
10/2022,GÁS VERDE S.A.,11131464000587,SUDESTE,Rio de Janeiro,SEROPEDICA,204000,480000,450798,221
10/2022,COCAL ENERGIA S.A.,14788495000170,SUDESTE,São Paulo,NARANDIBA,27112,51600,0,0
10/2022,GNR DOIS ARCOS VALORIZAÇÃO DE BIOGÁS LTDA.,17173460000203,SUDESTE,Rio de Janeiro,SAO PEDRO DA ALDEIA,16000,30672,11452,72
10/2022,GNR FORTALEZA VALORIZAÇÃO DE BIOGÁS LTDA.,20287659000188,NORDESTE,Ceará,CAUCAIA,110000,300000,150551,137
10/2022,METAGÁS BIOGÁS E ENERGIA S.A,43943079000105,SUDESTE,São Paulo,SAO PAULO,30000,60000,20370,68
09/2022,GÁS VERDE S.A.,11131464000587,SUDESTE,Rio de Janeiro,SEROPEDICA,204000,480000,426450,209
09/2022,COCAL ENERGIA S.A.,14788495000170,SUDESTE,São Paulo,NARANDIBA,27112,51600,0,0
09/2022,GNR DOIS ARCOS VALORIZAÇÃO DE BIOGÁS LTDA.,17173460000203,SUDESTE,Rio de Janeiro,SAO PEDRO DA ALDEIA,16000,30672,12365,77
09/2022,GNR FORTALEZA VALORIZAÇÃO DE BIOGÁS LTDA.,20287659000188,NORDESTE,Ceará,CAUCAIA,110000,300000,154725,141
09/2022,METAGÁS BIOGÁS E ENERGIA S.A,43943079000105,SUDESTE,São Paulo,SAO PAULO,30000,60000,10105,34
08/2022,GÁS VERDE S.A.,11131464000587,SUDESTE,Rio de Janeiro,SEROPEDICA,204000,480000,413848,203
08/2022,COCAL ENERGIA S.A.,14788495000170,SUDESTE,São Paulo,NARANDIBA,27112,51600,2,0
08/2022,GNR DOIS ARCOS VALORIZAÇÃO DE BIOGÁS LTDA.,17173460000203,SUDESTE,Rio de Janeiro,SAO PEDRO DA ALDEIA,16000,30672,1775,11
08/2022,GNR FORTALEZA VALORIZAÇÃO DE BIOGÁS LTDA.,20287659000188,NORDESTE,Ceará,CAUCAIA,110000,300000,152957,139
08/2022,METAGÁS BIOGÁS E ENERGIA S.A,43943079000105,SUDESTE,São Paulo,SAO PAULO,30000,60000,4471,15
07/2022,GÁS VERDE S.A.,11131464000587,SUDESTE,Rio de Janeiro,SEROPEDICA,204000,480000,394781,194
07/2022,COCAL ENERGIA S.A.,14788495000170,SUDESTE,São Paulo,NARANDIBA,27112,51600,0,0
07/2022,GNR DOIS ARCOS VALORIZAÇÃO DE BIOGÁS LTDA.,17173460000203,SUDESTE,Rio de Janeiro,SAO PEDRO DA ALDEIA,16000,30672,0,0
07/2022,GNR FORTALEZA VALORIZAÇÃO DE BIOGÁS LTDA.,20287659000188,NORDESTE,Ceará,CAUCAIA,110000,300000,176830,161
07/2022,METAGÁS BIOGÁS E ENERGIA S.A,43943079000105,SUDESTE,São Paulo,SAO PAULO,30000,60000,3903,13
06/2022,GÁS VERDE S.A.,11131464000587,SUDESTE,Rio de Janeiro,SEROPEDICA,204000,480000,384000,188
06/2022,GNR DOIS ARCOS VALORIZAÇÃO DE BIOGÁS LTDA.,17173460000203,SUDESTE,Rio de Janeiro,SAO PEDRO DA ALDEIA,16000,30672,12417,78
06/2022,GNR FORTALEZA VALORIZAÇÃO DE BIOGÁS LTDA.,20287659000188,NORDESTE,Ceará,CAUCAIA,110000,300000,183303,167
06/2022,METAGÁS BIOGÁS E ENERGIA S.A,43943079000105,SUDESTE,São Paulo,SAO PAULO,30000,60000,0,0
05/2022,GÁS VERDE S.A.,11131464000587,SUDESTE,Rio de Janeiro,SEROPEDICA,204000,480000,387139,190
05/2022,GNR DOIS ARCOS VALORIZAÇÃO DE BIOGÁS LTDA.,17173460000203,SUDESTE,Rio de Janeiro,SAO PEDRO DA ALDEIA,16000,30672,19043,119
05/2022,GNR FORTALEZA VALORIZAÇÃO DE BIOGÁS LTDA.,20287659000188,NORDESTE,Ceará,CAUCAIA,110000,300000,186861,170
05/2022,ZEG BIOGÁS E ENERGIA S.A,24025216000250,SUDESTE,São Paulo,SAO PAULO,30000,60000,0,0
04/2022,GÁS VERDE S.A.,11131464000587,SUDESTE,Rio de Janeiro,SEROPEDICA,204000,480000,385875,189
04/2022,GNR DOIS ARCOS VALORIZAÇÃO DE BIOGÁS LTDA.,17173460000203,SUDESTE,Rio de Janeiro,SAO PEDRO DA ALDEIA,16000,30672,18750,117
04/2022,GNR FORTALEZA VALORIZAÇÃO DE BIOGÁS LTDA.,20287659000188,NORDESTE,Ceará,CAUCAIA,110000,300000,193729,176
04/2022,ZEG BIOGÁS E ENERGIA S.A,24025216000250,SUDESTE,São Paulo,SAO PAULO,30000,60000,0,0
03/2022,GÁS VERDE S.A.,11131464000587,SUDESTE,Rio de Janeiro,SEROPEDICA,204000,480000,384000,188
03/2022,GNR DOIS ARCOS VALORIZAÇÃO DE BIOGÁS LTDA.,17173460000203,SUDESTE,Rio de Janeiro,SAO PEDRO DA ALDEIA,16000,30672,15141,95
03/2022,GNR FORTALEZA VALORIZAÇÃO DE BIOGÁS LTDA.,20287659000188,NORDESTE,Ceará,CAUCAIA,110000,300000,165036,150
03/2022,ZEG BIOGÁS E ENERGIA S.A,24025216000250,SUDESTE,São Paulo,SAO PAULO,30000,60000,0,0
02/2022,GÁS VERDE S.A.,11131464000587,SUDESTE,Rio de Janeiro,SEROPEDICA,204000,480000,384000,188
02/2022,GNR DOIS ARCOS VALORIZAÇÃO DE BIOGÁS LTDA.,17173460000203,SUDESTE,Rio de Janeiro,SAO PEDRO DA ALDEIA,16000,30672,0,0
02/2022,GNR FORTALEZA VALORIZAÇÃO DE BIOGÁS LTDA.,20287659000188,NORDESTE,Ceará,CAUCAIA,110000,300000,177441,161
02/2022,ZEG BIOGÁS E ENERGIA S.A,24025216000250,SUDESTE,São Paulo,SAO PAULO,30000,60000,0,0
01/2022,GÁS VERDE S.A.,11131464000587,SUDESTE,Rio de Janeiro,SEROPEDICA,204000,480000,384000,188
01/2022,GNR DOIS ARCOS VALORIZAÇÃO DE BIOGÁS LTDA.,17173460000203,SUDESTE,Rio de Janeiro,SAO PEDRO DA ALDEIA,16000,30672,6985,44
01/2022,GNR FORTALEZA VALORIZAÇÃO DE BIOGÁS LTDA.,20287659000188,NORDESTE,Ceará,CAUCAIA,110000,300000,150839,137
01/2022,ZEG BIOGÁS E ENERGIA S.A,24025216000250,SUDESTE,São Paulo,SAO PAULO,30000,60000,0,0
12/2021,GÁS VERDE S.A.,11131464000587,SUDESTE,Rio de Janeiro,SEROPEDICA,204000,480000,384000,188
12/2021,GNR DOIS ARCOS VALORIZAÇÃO DE BIOGÁS LTDA.,17173460000203,SUDESTE,Rio de Janeiro,SAO PEDRO DA ALDEIA,16000,30672,22140,138
12/2021,GNR FORTALEZA VALORIZAÇÃO DE BIOGÁS LTDA.,20287659000188,NORDESTE,Ceará,CAUCAIA,110000,300000,70600,64
12/2021,ZEG BIOGÁS E ENERGIA S.A,24025216000250,SUDESTE,São Paulo,SAO PAULO,30000,60000,0,0
11/2021,GÁS VERDE S.A.,11131464000587,SUDESTE,Rio de Janeiro,SEROPEDICA,204000,480000,384000,188
11/2021,GNR DOIS ARCOS VALORIZAÇÃO DE BIOGÁS LTDA.,17173460000203,SUDESTE,Rio de Janeiro,SAO PEDRO DA ALDEIA,16000,30672,18685,117
11/2021,GNR FORTALEZA VALORIZAÇÃO DE BIOGÁS LTDA.,20287659000188,NORDESTE,Ceará,CAUCAIA,110000,300000,165776,151
11/2021,ZEG BIOGÁS E ENERGIA S.A,24025216000250,SUDESTE,São Paulo,SAO PAULO,30000,60000,0,0
10/2021,GÁS VERDE S.A.,11131464000587,SUDESTE,Rio de Janeiro,SEROPEDICA,204000,480000,382845,188
10/2021,GNR DOIS ARCOS VALORIZAÇÃO DE BIOGÁS LTDA.,17173460000203,SUDESTE,Rio de Janeiro,SAO PEDRO DA ALDEIA,16000,30672,17215,108
10/2021,GNR FORTALEZA VALORIZAÇÃO DE BIOGÁS LTDA.,20287659000188,NORDESTE,Ceará,CAUCAIA,110000,300000,172096,156
10/2021,ZEG BIOGÁS E ENERGIA S.A,24025216000250,SUDESTE,São Paulo,SAO PAULO,30000,60000,0,0
09/2021,GÁS VERDE S.A.,11131464000587,SUDESTE,Rio de Janeiro,SEROPEDICA,204000,480000,384000,188
09/2021,GNR DOIS ARCOS VALORIZAÇÃO DE BIOGÁS LTDA.,17173460000203,SUDESTE,Rio de Janeiro,SAO PEDRO DA ALDEIA,16000,30672,17187,107
09/2021,GNR FORTALEZA VALORIZAÇÃO DE BIOGÁS LTDA.,20287659000188,NORDESTE,Ceará,CAUCAIA,110000,300000,166538,151
09/2021,ZEG BIOGÁS E ENERGIA S.A,24025216000250,SUDESTE,São Paulo,SAO PAULO,30000,60000,0,0
08/2021,GÁS VERDE S.A.,11131464000587,SUDESTE,Rio de Janeiro,SEROPEDICA,204000,480000,384000,188
08/2021,GNR DOIS ARCOS VALORIZAÇÃO DE BIOGÁS LTDA.,17173460000203,SUDESTE,Rio de Janeiro,SAO PEDRO DA ALDEIA,16000,30672,16782,105
08/2021,GNR FORTALEZA VALORIZAÇÃO DE BIOGÁS LTDA.,20287659000188,NORDESTE,Ceará,CAUCAIA,110000,300000,165935,151
07/2021,GÁS VERDE S.A.,11131464000587,SUDESTE,Rio de Janeiro,SEROPEDICA,204000,480000,373876,183
07/2021,GNR DOIS ARCOS VALORIZAÇÃO DE BIOGÁS LTDA.,17173460000203,SUDESTE,Rio de Janeiro,SAO PEDRO DA ALDEIA,16000,30672,17077,107
07/2021,GNR FORTALEZA VALORIZAÇÃO DE BIOGÁS LTDA.,20287659000188,NORDESTE,Ceará,CAUCAIA,110000,300000,149591,136
06/2021,GÁS VERDE S.A.,11131464000587,SUDESTE,Rio de Janeiro,SEROPEDICA,204000,480000,384000,188
06/2021,GNR DOIS ARCOS VALORIZAÇÃO DE BIOGÁS LTDA.,17173460000203,SUDESTE,Rio de Janeiro,SAO PEDRO DA ALDEIA,16000,30672,11301,71
06/2021,GNR FORTALEZA VALORIZAÇÃO DE BIOGÁS LTDA.,20287659000188,NORDESTE,Ceará,CAUCAIA,110000,300000,158044,144
05/2021,GÁS VERDE S.A.,11131464000587,SUDESTE,Rio de Janeiro,SEROPEDICA,204000,480000,384000,188
05/2021,GNR DOIS ARCOS VALORIZAÇÃO DE BIOGÁS LTDA.,17173460000203,SUDESTE,Rio de Janeiro,SAO PEDRO DA ALDEIA,16000,30672,10384,65
05/2021,GNR FORTALEZA VALORIZAÇÃO DE BIOGÁS LTDA.,20287659000188,NORDESTE,Ceará,CAUCAIA,110000,300000,163821,149
04/2021,GÁS VERDE S.A.,11131464000587,SUDESTE,Rio de Janeiro,SEROPEDICA,204000,480000,365089,179
04/2021,GNR DOIS ARCOS VALORIZAÇÃO DE BIOGÁS LTDA.,17173460000203,SUDESTE,Rio de Janeiro,SAO PEDRO DA ALDEIA,16000,30672,11295,71
04/2021,GNR FORTALEZA VALORIZAÇÃO DE BIOGÁS LTDA.,20287659000188,NORDESTE,Ceará,CAUCAIA,110000,300000,156390,142
03/2021,GÁS VERDE S.A.,11131464000587,SUDESTE,Rio de Janeiro,SEROPEDICA,204000,480000,336000,165
03/2021,GNR DOIS ARCOS VALORIZAÇÃO DE BIOGÁS LTDA.,17173460000203,SUDESTE,Rio de Janeiro,SAO PEDRO DA ALDEIA,16000,30672,11646,73
03/2021,GNR FORTALEZA VALORIZAÇÃO DE BIOGÁS LTDA.,20287659000188,NORDESTE,Ceará,CAUCAIA,110000,300000,145712,132
02/2021,GÁS VERDE S.A.,11131464000587,SUDESTE,Rio de Janeiro,SEROPEDICA,204000,480000,336000,165
02/2021,GNR DOIS ARCOS VALORIZAÇÃO DE BIOGÁS LTDA.,17173460000203,SUDESTE,Rio de Janeiro,SAO PEDRO DA ALDEIA,16000,30672,10993,69
02/2021,GNR FORTALEZA VALORIZAÇÃO DE BIOGÁS LTDA.,20287659000188,NORDESTE,Ceará,CAUCAIA,110000,300000,117918,107
01/2021,GÁS VERDE S.A.,11131464000587,SUDESTE,Rio de Janeiro,SEROPEDICA,204000,480000,203886,100
01/2021,GNR DOIS ARCOS VALORIZAÇÃO DE BIOGÁS LTDA.,17173460000203,SUDESTE,Rio de Janeiro,SAO PEDRO DA ALDEIA,16000,30672,13078,82
01/2021,GNR FORTALEZA VALORIZAÇÃO DE BIOGÁS LTDA.,20287659000188,NORDESTE,Ceará,CAUCAIA,110000,300000,125489,114
12/2020,GÁS VERDE S.A.,11131464000587,SUDESTE,Rio de Janeiro,SEROPEDICA,204000,480000,306247,150
12/2020,GNR DOIS ARCOS VALORIZAÇÃO DE BIOGÁS LTDA.,17173460000203,SUDESTE,Rio de Janeiro,SAO PEDRO DA ALDEIA,16000,30672,13909,87
12/2020,GNR FORTALEZA VALORIZAÇÃO DE BIOGÁS LTDA.,20287659000188,NORDESTE,Ceará,CAUCAIA,110000,300000,130913,119
11/2020,GÁS VERDE S.A.,11131464000587,SUDESTE,Rio de Janeiro,SEROPEDICA,204000,480000,316415,155
11/2020,GNR DOIS ARCOS VALORIZAÇÃO DE BIOGÁS LTDA.,17173460000203,SUDESTE,Rio de Janeiro,SAO PEDRO DA ALDEIA,16000,30672,7481,47
11/2020,GNR FORTALEZA VALORIZAÇÃO DE BIOGÁS LTDA.,20287659000188,NORDESTE,Ceará,CAUCAIA,110000,300000,131997,120
10/2020,GÁS VERDE S.A.,11131464000587,SUDESTE,Rio de Janeiro,SEROPEDICA,204000,480000,438349,215
10/2020,GNR DOIS ARCOS VALORIZAÇÃO DE BIOGÁS LTDA.,17173460000203,SUDESTE,Rio de Janeiro,SAO PEDRO DA ALDEIA,16000,30672,6157,38
10/2020,GNR FORTALEZA VALORIZAÇÃO DE BIOGÁS LTDA.,20287659000188,NORDESTE,Ceará,CAUCAIA,110000,300000,141787,129
09/2020,GÁS VERDE S.A.,11131464000587,SUDESTE,Rio de Janeiro,SEROPEDICA,204000,480000,445679,218
09/2020,GNR DOIS ARCOS VALORIZAÇÃO DE BIOGÁS LTDA.,17173460000203,SUDESTE,Rio de Janeiro,SAO PEDRO DA ALDEIA,16000,30672,15012,94
09/2020,GNR FORTALEZA VALORIZAÇÃO DE BIOGÁS LTDA.,20287659000188,NORDESTE,Ceará,CAUCAIA,110000,300000,142905,130
08/2020,GÁS VERDE S.A.,11131464000587,SUDESTE,Rio de Janeiro,SEROPEDICA,204000,480000,440390,216
08/2020,GNR DOIS ARCOS VALORIZAÇÃO DE BIOGÁS LTDA.,17173460000203,SUDESTE,Rio de Janeiro,SAO PEDRO DA ALDEIA,16000,30672,11617,73
08/2020,GNR FORTALEZA VALORIZAÇÃO DE BIOGÁS LTDA.,20287659000188,NORDESTE,Ceará,CAUCAIA,110000,300000,63111,57
07/2020,GÁS VERDE S.A.,11131464000587,SUDESTE,Rio de Janeiro,SEROPEDICA,204000,480000,346828,170
07/2020,GNR DOIS ARCOS VALORIZAÇÃO DE BIOGÁS LTDA.,17173460000203,SUDESTE,Rio de Janeiro,SAO PEDRO DA ALDEIA,16000,30672,6172,39
07/2020,GNR FORTALEZA VALORIZAÇÃO DE BIOGÁS LTDA.,20287659000188,NORDESTE,Ceará,CAUCAIA,110000,300000,71574,65
06/2020,GNR FORTALEZA VALORIZAÇÃO DE BIOGÁS LTDA.,20287659000188,NORDESTE,Ceará,CAUCAIA,110000,300000,159050,145
05/2020,GNR FORTALEZA VALORIZAÇÃO DE BIOGÁS LTDA.,20287659000188,NORDESTE,Ceará,CAUCAIA,110000,300000,169025,154
04/2020,GNR FORTALEZA VALORIZAÇÃO DE BIOGÁS LTDA.,20287659000188,NORDESTE,Ceará,CAUCAIA,110000,300000,166974,152
03/2020,GNR FORTALEZA VALORIZAÇÃO DE BIOGÁS LTDA.,20287659000188,NORDESTE,Ceará,CAUCAIA,110000,300000,176273,160
02/2020,GNR FORTALEZA VALORIZAÇÃO DE BIOGÁS LTDA.,20287659000188,NORDESTE,Ceará,CAUCAIA,110000,300000,170631,155
01/2020,GNR FORTALEZA VALORIZAÇÃO DE BIOGÁS LTDA.,20287659000188,NORDESTE,Ceará,CAUCAIA,110000,300000,171950,156
